,PUNUGULU,MIRCHI,ALOO BAJJI,PAKODI,CORN SAMOSA,NUGGETS,FRENCH FRIES,MASALA VADA,DAL VADA,PAROTA CHICKEN,CHICKEN BIRYANI,EGG BIRIYANI,EGG PAROTA,EGG CHAPATHI,MEALS,CHOLE POORI,CHAPATHI VEG,PAROTA VEG,GOBI RICE,VEG PULAV,VEG FRIED RICE,TOMATO RICE,JEERA RICE,VEG MANCHURIA,VADA,BONDA,POORI,MASALA DOSA,ONION DOSA,UTHAPPAM,PLAIN DOSA,UPMA,COFFEE,LEMON TEA,HORLICKS,BOOST,BADAM MILK,ROSE MILK,MASALA TEA,HOT CHOCO,TEA,IDLY,CHAPATHI CHICKEN,cluster
0,3.0,2.0,2.0,2.0,2.0,2.0,2.0,2.0,2.0,3.0,3.0,2.0,2.0,2.0,3.0,3.0,2.0,2.0,2.0,2.0,2.0,2.0,2.0,2.0,2.0,2.0,3.0,3.0,3.0,2.0,2.0,1.0,2.0,2.0,2.0,2.0,2.0,2.0,2.0,2.0,2.0,2.0,2.0,1
1,5.0,4.0,3.0,3.0,4.0,3.0,5.0,3.0,3.0,5.0,5.0,4.0,3.0,4.0,3.0,5.0,2.0,2.0,2.0,2.0,2.0,2.0,1.0,3.0,5.0,5.0,5.0,5.0,5.0,5.0,5.0,1.0,3.0,3.0,4.0,4.0,4.0,4.0,4.0,4.0,3.0,3.0,5.0,3
2,4.0,4.0,2.0,2.0,4.0,2.0,3.0,2.0,2.0,3.0,3.0,2.0,2.0,2.0,3.0,3.0,2.0,2.0,2.0,2.0,2.0,2.0,2.0,2.0,2.0,2.0,2.0,1.0,1.0,2.0,3.0,2.0,2.0,2.0,3.0,3.0,3.0,4.0,1.0,4.0,1.0,2.0,2.0,1
3,3.0,3.0,3.0,3.0,2.0,2.0,2.0,1.0,1.0,3.0,3.0,2.0,2.0,2.0,2.0,3.0,2.0,2.0,2.0,1.0,1.0,1.0,1.0,2.0,1.0,2.0,3.0,3.0,3.0,1.0,2.0,2.0,2.0,2.0,2.0,2.0,2.0,2.0,2.0,2.0,2.0,2.0,3.0,1
4,3.0,2.0,2.0,2.0,2.0,2.0,3.0,2.0,2.0,4.0,5.0,2.0,2.0,2.0,3.0,4.0,2.0,2.0,4.0,2.0,2.0,2.0,2.0,4.0,2.0,2.0,4.0,4.0,4.0,2.0,2.0,1.0,1.0,3.0,2.0,2.0,2.0,2.0,2.0,2.0,2.0,2.0,3.0,1
5,4.0,4.0,4.0,4.0,4.0,4.0,4.0,3.0,2.0,3.0,4.0,3.0,3.0,3.0,4.0,4.0,2.0,2.0,3.0,3.0,4.0,3.0,4.0,3.0,2.0,3.0,4.0,5.0,4.0,2.0,2.0,2.0,5.0,3.0,3.0,3.0,3.0,3.0,3.0,3.0,5.0,2.0,2.0,3
6,3.0,3.0,3.0,3.0,3.0,2.0,3.0,3.0,3.0,4.0,4.0,3.0,3.0,3.0,2.0,3.0,2.0,2.0,3.0,3.0,3.0,2.0,2.0,2.0,3.0,2.0,3.0,3.0,3.0,3.0,3.0,3.0,4.0,1.0,1.0,1.0,3.0,1.0,2.0,1.0,3.0,3.0,3.0,2
7,4.0,3.0,3.0,3.0,1.0,2.0,1.0,1.0,1.0,4.0,3.0,2.0,3.0,3.0,4.0,5.0,4.0,4.0,4.0,3.0,3.0,4.0,1.0,4.0,3.0,3.0,3.0,5.0,3.0,1.0,3.0,1.0,3.0,1.0,1.0,1.0,1.0,1.0,1.0,1.0,4.0,3.0,3.0,2
8,5.0,2.0,2.0,2.0,4.0,3.0,4.0,2.0,2.0,4.0,4.0,3.0,3.0,2.0,4.0,5.0,4.0,4.0,5.0,3.0,4.0,2.0,2.0,5.0,3.0,3.0,4.0,3.0,3.0,3.0,3.0,1.0,4.0,2.0,2.0,4.0,4.0,2.0,2.0,2.0,4.0,3.0,4.0,2
9,3.0,3.0,4.0,3.0,4.0,3.0,2.0,4.0,3.0,3.0,4.0,4.0,4.0,3.0,5.0,3.0,3.0,4.0,4.0,3.0,3.0,4.0,3.0,3.0,3.0,3.0,5.0,3.0,3.0,3.0,4.0,3.0,5.0,3.0,3.0,3.0,3.0,3.0,3.0,3.0,4.0,3.0,3.0,3
10,3.0,2.0,2.0,2.0,2.0,2.0,4.0,2.0,2.0,3.0,3.0,2.0,2.0,2.0,3.0,4.0,2.0,2.0,5.0,2.0,3.0,2.0,2.0,4.0,2.0,2.0,4.0,3.0,3.0,2.0,2.0,1.0,2.0,2.0,2.0,2.0,2.0,2.0,2.0,2.0,2.0,2.0,2.0,1
11,3.0,2.0,2.0,2.0,2.0,4.0,4.0,2.0,1.0,2.0,4.0,2.0,1.0,1.0,2.0,4.0,1.0,1.0,2.0,2.0,2.0,2.0,2.0,3.0,3.0,3.0,3.0,3.0,3.0,2.0,3.0,1.0,3.0,2.0,3.0,3.0,4.0,1.0,3.0,4.0,2.0,3.0,2.0,1
12,3.0,2.0,3.0,2.0,2.0,3.0,1.0,3.0,3.0,4.0,3.0,3.0,3.0,3.0,2.0,5.0,4.0,4.0,5.0,3.0,3.0,3.0,2.0,3.0,3.0,3.0,4.0,5.0,4.0,4.0,4.0,3.0,3.0,3.0,3.0,3.0,3.0,3.0,3.0,3.0,3.0,3.0,4.0,3
13,3.0,1.0,2.0,2.0,2.0,2.0,4.0,2.0,2.0,3.0,3.0,2.0,2.0,2.0,3.0,5.0,3.0,2.0,2.0,1.0,1.0,1.0,2.0,2.0,2.0,1.0,5.0,3.0,3.0,2.0,2.0,1.0,2.0,2.0,2.0,2.0,2.0,2.0,2.0,2.0,2.0,3.0,2.0,1
14,4.0,2.0,2.0,2.0,2.0,2.0,4.0,2.0,2.0,3.0,3.0,2.0,2.0,2.0,4.0,4.0,4.0,3.0,4.0,3.0,3.0,3.0,2.0,2.0,4.0,4.0,3.0,4.0,4.0,4.0,5.0,1.0,2.0,2.0,2.0,2.0,2.0,2.0,2.0,2.0,2.0,3.0,2.0,2
15,3.0,2.0,3.0,3.0,4.0,4.0,4.0,2.0,2.0,3.0,3.0,2.0,2.0,2.0,4.0,3.0,2.0,2.0,3.0,2.0,2.0,2.0,2.0,2.0,4.0,4.0,3.0,3.0,4.0,2.0,3.0,1.0,4.0,2.0,2.0,2.0,2.0,2.0,2.0,3.0,3.0,3.0,2.0,2
16,3.0,2.0,2.0,2.0,2.0,2.0,3.0,2.0,2.0,5.0,4.0,2.0,2.0,2.0,3.0,4.0,2.0,2.0,3.0,3.0,2.0,2.0,2.0,2.0,2.0,2.0,3.0,3.0,3.0,2.0,2.0,1.0,2.0,2.0,2.0,2.0,2.0,2.0,2.0,2.0,2.0,3.0,3.0,1
17,3.0,2.0,2.0,2.0,2.0,2.0,2.0,2.0,2.0,3.0,3.0,3.0,3.0,3.0,3.0,4.0,3.0,3.0,2.0,2.0,2.0,2.0,2.0,1.0,3.0,5.0,4.0,5.0,5.0,4.0,4.0,1.0,3.0,4.0,5.0,4.0,2.0,2.0,2.0,2.0,3.0,3.0,3.0,2
18,5.0,3.0,2.0,2.0,4.0,4.0,3.0,2.0,2.0,5.0,5.0,4.0,5.0,5.0,4.0,5.0,5.0,5.0,5.0,4.0,4.0,4.0,3.0,4.0,4.0,5.0,5.0,5.0,5.0,2.0,4.0,4.0,2.0,1.0,2.0,2.0,3.0,1.0,2.0,1.0,2.0,4.0,5.0,3
19,2.0,1.0,1.0,1.0,1.0,1.0,1.0,1.0,1.0,3.0,3.0,3.0,2.0,2.0,3.0,4.0,3.0,2.0,2.0,2.0,2.0,2.0,2.0,2.0,3.0,2.0,3.0,2.0,1.0,1.0,1.0,1.0,2.0,2.0,2.0,2.0,2.0,2.0,2.0,1.0,2.0,1.0,3.0,1
20,4.0,2.0,2.0,2.0,2.0,2.0,3.0,2.0,2.0,2.0,1.0,2.0,2.0,2.0,3.0,3.0,3.0,2.0,4.0,3.0,3.0,2.0,2.0,3.0,2.0,2.0,2.0,4.0,4.0,5.0,2.0,2.0,3.0,5.0,2.0,2.0,5.0,2.0,2.0,2.0,5.0,3.0,2.0,2
21,3.0,4.0,2.0,4.0,4.0,3.0,3.0,2.0,2.0,3.0,3.0,2.0,2.0,2.0,5.0,5.0,3.0,3.0,4.0,3.0,3.0,2.0,2.0,3.0,5.0,4.0,4.0,5.0,3.0,2.0,5.0,1.0,4.0,2.0,2.0,2.0,2.0,2.0,2.0,2.0,4.0,2.0,2.0,2
22,3.0,2.0,2.0,2.0,2.0,2.0,2.0,2.0,2.0,3.0,3.0,2.0,2.0,2.0,3.0,3.0,2.0,2.0,2.0,2.0,2.0,2.0,2.0,2.0,3.0,3.0,4.0,4.0,2.0,3.0,3.0,3.0,3.0,3.0,3.0,3.0,3.0,3.0,3.0,3.0,3.0,2.0,2.0,1
23,1.0,1.0,1.0,1.0,1.0,1.0,1.0,1.0,1.0,1.0,1.0,1.0,1.0,1.0,1.0,1.0,1.0,1.0,1.0,1.0,1.0,1.0,1.0,1.0,1.0,1.0,1.0,1.0,1.0,1.0,1.0,1.0,1.0,1.0,1.0,1.0,1.0,1.0,1.0,1.0,1.0,1.0,1.0,0
24,3.0,2.0,2.0,2.0,2.0,2.0,4.0,2.0,2.0,3.0,4.0,3.0,2.0,2.0,3.0,3.0,2.0,2.0,2.0,2.0,2.0,2.0,2.0,2.0,2.0,2.0,3.0,3.0,3.0,2.0,2.0,1.0,2.0,5.0,2.0,2.0,5.0,2.0,2.0,2.0,2.0,2.0,2.0,1
25,4.0,4.0,4.0,4.0,4.0,4.0,4.0,4.0,4.0,3.0,4.0,4.0,3.0,4.0,5.0,5.0,3.0,4.0,4.0,2.0,4.0,4.0,3.0,3.0,3.0,3.0,5.0,4.0,4.0,2.0,4.0,2.0,4.0,4.0,4.0,4.0,5.0,4.0,4.0,4.0,2.0,4.0,4.0,3
26,1.0,1.0,1.0,1.0,1.0,1.0,1.0,1.0,1.0,3.0,3.0,3.0,3.0,3.0,2.0,3.0,1.0,1.0,1.0,1.0,1.0,1.0,1.0,1.0,1.0,1.0,1.0,1.0,1.0,1.0,1.0,1.0,1.0,1.0,1.0,1.0,1.0,1.0,1.0,1.0,1.0,1.0,3.0,0
27,3.0,2.0,2.0,4.0,4.0,4.0,4.0,2.0,2.0,4.0,5.0,2.0,2.0,2.0,3.0,4.0,2.0,2.0,2.0,2.0,2.0,2.0,2.0,2.0,4.0,4.0,4.0,4.0,3.0,2.0,2.0,1.0,2.0,2.0,2.0,2.0,4.0,2.0,2.0,2.0,2.0,4.0,5.0,2
28,4.0,4.0,4.0,4.0,3.0,2.0,3.0,4.0,4.0,4.0,3.0,4.0,4.0,4.0,4.0,4.0,4.0,4.0,4.0,4.0,5.0,4.0,4.0,4.0,4.0,3.0,3.0,5.0,5.0,3.0,5.0,4.0,4.0,4.0,4.0,4.0,3.0,4.0,4.0,4.0,4.0,4.0,4.0,4
29,4.0,4.0,3.0,3.0,3.0,3.0,3.0,3.0,3.0,4.0,4.0,4.0,4.0,4.0,4.0,4.0,4.0,4.0,4.0,4.0,4.0,4.0,4.0,4.0,4.0,4.0,5.0,4.0,4.0,4.0,3.0,3.0,3.0,4.0,3.0,3.0,3.0,3.0,3.0,4.0,3.0,4.0,4.0,3
30,2.0,2.0,2.0,3.0,4.0,4.0,4.0,3.0,3.0,4.0,5.0,4.0,4.0,4.0,4.0,5.0,5.0,5.0,5.0,3.0,3.0,3.0,3.0,4.0,5.0,4.0,5.0,5.0,4.0,5.0,4.0,4.0,4.0,4.0,5.0,4.0,4.0,4.0,4.0,4.0,3.0,4.0,4.0,4
31,4.0,3.0,3.0,4.0,3.0,2.0,2.0,3.0,3.0,4.0,3.0,3.0,4.0,4.0,4.0,4.0,4.0,4.0,3.0,3.0,3.0,3.0,3.0,2.0,4.0,4.0,4.0,4.0,4.0,3.0,4.0,2.0,2.0,3.0,2.0,2.0,2.0,3.0,3.0,3.0,1.0,4.0,4.0,3
32,5.0,4.0,2.0,2.0,2.0,2.0,2.0,2.0,2.0,3.0,3.0,2.0,2.0,2.0,3.0,4.0,3.0,1.0,4.0,3.0,4.0,4.0,2.0,1.0,3.0,2.0,3.0,4.0,3.0,2.0,2.0,1.0,3.0,2.0,2.0,2.0,2.0,2.0,2.0,2.0,2.0,2.0,2.0,1
33,2.0,1.0,1.0,1.0,1.0,1.0,1.0,1.0,2.0,1.0,1.0,1.0,1.0,2.0,1.0,1.0,1.0,1.0,1.0,1.0,1.0,1.0,1.0,2.0,1.0,1.0,2.0,1.0,1.0,1.0,1.0,1.0,2.0,1.0,1.0,1.0,1.0,1.0,1.0,1.0,1.0,2.0,2.0,0
34,3.0,2.0,2.0,2.0,2.0,2.0,2.0,2.0,2.0,4.0,4.0,2.0,2.0,2.0,3.0,4.0,2.0,2.0,2.0,2.0,2.0,2.0,2.0,2.0,2.0,3.0,3.0,4.0,3.0,2.0,2.0,1.0,3.0,2.0,2.0,2.0,4.0,2.0,2.0,3.0,3.0,2.0,4.0,1
35,4.0,3.0,2.0,2.0,4.0,2.0,4.0,2.0,2.0,3.0,3.0,2.0,2.0,2.0,3.0,2.0,3.0,3.0,3.0,2.0,2.0,2.0,2.0,3.0,3.0,1.0,3.0,3.0,4.0,2.0,2.0,3.0,4.0,2.0,2.0,2.0,2.0,2.0,4.0,2.0,4.0,3.0,2.0,2
36,3.0,2.0,2.0,3.0,2.0,3.0,3.0,2.0,2.0,4.0,4.0,4.0,4.0,4.0,3.0,3.0,2.0,2.0,3.0,3.0,3.0,2.0,2.0,2.0,3.0,3.0,4.0,4.0,3.0,2.0,4.0,1.0,2.0,2.0,2.0,2.0,2.0,2.0,2.0,4.0,3.0,2.0,4.0,2
37,3.0,2.0,2.0,2.0,2.0,2.0,1.0,3.0,3.0,4.0,4.0,3.0,3.0,3.0,4.0,5.0,3.0,3.0,2.0,3.0,2.0,3.0,3.0,2.0,3.0,3.0,5.0,4.0,4.0,3.0,3.0,3.0,3.0,3.0,3.0,3.0,3.0,3.0,3.0,1.0,5.0,3.0,4.0,2
38,4.0,3.0,3.0,3.0,3.0,2.0,2.0,3.0,3.0,1.0,1.0,1.0,1.0,1.0,3.0,2.0,2.0,3.0,3.0,3.0,3.0,2.0,1.0,4.0,4.0,5.0,3.0,2.0,4.0,3.0,3.0,3.0,2.0,5.0,3.0,3.0,1.0,1.0,2.0,1.0,3.0,3.0,1.0,2
39,4.0,4.0,3.0,4.0,4.0,3.0,3.0,2.0,2.0,5.0,2.0,2.0,5.0,3.0,3.0,2.0,2.0,2.0,3.0,3.0,3.0,3.0,3.0,4.0,4.0,4.0,5.0,5.0,5.0,5.0,5.0,2.0,4.0,2.0,5.0,5.0,4.0,4.0,2.0,5.0,3.0,3.0,3.0,3
40,4.0,4.0,2.0,3.0,2.0,2.0,3.0,4.0,4.0,5.0,5.0,4.0,5.0,5.0,4.0,5.0,4.0,5.0,4.0,4.0,4.0,4.0,4.0,4.0,4.0,4.0,4.0,4.0,4.0,4.0,4.0,4.0,4.0,2.0,2.0,2.0,2.0,1.0,2.0,1.0,4.0,3.0,4.0,3
41,5.0,3.0,3.0,3.0,3.0,4.0,3.0,4.0,2.0,5.0,5.0,2.0,2.0,2.0,2.0,3.0,4.0,4.0,2.0,2.0,2.0,2.0,3.0,3.0,4.0,4.0,2.0,5.0,5.0,5.0,3.0,3.0,4.0,4.0,3.0,3.0,5.0,2.0,2.0,4.0,5.0,1.0,5.0,3
42,3.0,2.0,2.0,2.0,3.0,2.0,2.0,2.0,2.0,3.0,3.0,2.0,2.0,2.0,3.0,5.0,2.0,2.0,2.0,2.0,2.0,2.0,2.0,2.0,3.0,5.0,4.0,3.0,3.0,2.0,3.0,1.0,2.0,2.0,2.0,2.0,2.0,2.0,3.0,2.0,3.0,3.0,2.0,1
43,5.0,2.0,4.0,3.0,4.0,2.0,4.0,3.0,3.0,4.0,4.0,3.0,3.0,3.0,2.0,3.0,3.0,4.0,3.0,3.0,4.0,3.0,3.0,4.0,3.0,2.0,3.0,4.0,4.0,4.0,3.0,2.0,3.0,3.0,3.0,3.0,3.0,3.0,3.0,3.0,4.0,3.0,3.0,3
44,4.0,2.0,2.0,3.0,2.0,3.0,4.0,2.0,2.0,3.0,3.0,2.0,2.0,2.0,3.0,3.0,2.0,2.0,2.0,2.0,2.0,2.0,2.0,2.0,2.0,2.0,3.0,2.0,2.0,3.0,3.0,1.0,3.0,4.0,2.0,2.0,2.0,2.0,4.0,2.0,4.0,2.0,2.0,1
45,4.0,2.0,2.0,2.0,2.0,2.0,3.0,2.0,2.0,3.0,4.0,2.0,2.0,2.0,3.0,4.0,2.0,2.0,2.0,2.0,2.0,2.0,2.0,2.0,3.0,4.0,4.0,4.0,3.0,2.0,3.0,1.0,3.0,2.0,2.0,2.0,2.0,2.0,2.0,2.0,2.0,2.0,2.0,1
46,4.0,2.0,3.0,2.0,5.0,2.0,4.0,2.0,2.0,5.0,4.0,4.0,3.0,3.0,4.0,4.0,4.0,4.0,5.0,5.0,4.0,2.0,2.0,5.0,4.0,3.0,4.0,5.0,5.0,4.0,5.0,3.0,5.0,2.0,2.0,2.0,2.0,2.0,2.0,2.0,4.0,4.0,5.0,3
47,3.0,2.0,2.0,2.0,4.0,3.0,4.0,2.0,3.0,3.0,3.0,2.0,2.0,2.0,3.0,5.0,3.0,3.0,3.0,2.0,3.0,3.0,4.0,3.0,4.0,3.0,3.0,3.0,3.0,2.0,2.0,1.0,3.0,2.0,2.0,4.0,2.0,2.0,2.0,2.0,3.0,3.0,2.0,2
48,3.0,2.0,2.0,3.0,3.0,3.0,3.0,3.0,3.0,3.0,3.0,3.0,3.0,3.0,3.0,3.0,3.0,3.0,3.0,3.0,4.0,3.0,3.0,4.0,3.0,3.0,3.0,3.0,3.0,3.0,3.0,3.0,4.0,4.0,2.0,2.0,2.0,2.0,2.0,2.0,4.0,3.0,3.0,2
49,4.0,4.0,3.0,3.0,3.0,4.0,5.0,4.0,2.0,3.0,4.0,3.0,3.0,3.0,3.0,3.0,4.0,4.0,3.0,3.0,3.0,2.0,2.0,4.0,4.0,3.0,4.0,4.0,3.0,2.0,3.0,2.0,4.0,4.0,2.0,3.0,5.0,4.0,2.0,4.0,3.0,2.0,4.0,3
50,5.0,2.0,2.0,3.0,2.0,5.0,5.0,2.0,3.0,4.0,2.0,3.0,4.0,3.0,5.0,4.0,5.0,5.0,5.0,4.0,3.0,2.0,3.0,4.0,4.0,4.0,4.0,4.0,5.0,3.0,3.0,2.0,3.0,2.0,2.0,1.0,1.0,1.0,2.0,2.0,3.0,2.0,3.0,2
51,4.0,2.0,2.0,2.0,2.0,2.0,2.0,2.0,2.0,4.0,4.0,2.0,2.0,2.0,3.0,4.0,4.0,3.0,3.0,3.0,2.0,2.0,2.0,4.0,4.0,4.0,4.0,3.0,3.0,2.0,2.0,1.0,3.0,2.0,2.0,2.0,2.0,2.0,4.0,4.0,4.0,2.0,4.0,2
52,1.0,1.0,1.0,1.0,2.0,1.0,2.0,2.0,2.0,3.0,3.0,2.0,2.0,2.0,2.0,1.0,1.0,1.0,3.0,1.0,1.0,1.0,1.0,1.0,3.0,1.0,3.0,4.0,3.0,1.0,3.0,1.0,2.0,2.0,2.0,2.0,2.0,2.0,2.0,2.0,2.0,1.0,2.0,0
53,5.0,4.0,2.0,2.0,2.0,4.0,3.0,2.0,2.0,3.0,3.0,2.0,2.0,4.0,3.0,5.0,2.0,2.0,4.0,1.0,1.0,2.0,2.0,2.0,2.0,2.0,4.0,5.0,3.0,2.0,5.0,1.0,4.0,2.0,2.0,2.0,1.0,2.0,2.0,2.0,2.0,2.0,2.0,2
54,1.0,1.0,1.0,1.0,1.0,1.0,1.0,1.0,1.0,1.0,1.0,1.0,1.0,1.0,1.0,1.0,1.0,1.0,1.0,1.0,1.0,1.0,1.0,1.0,1.0,1.0,1.0,1.0,1.0,1.0,1.0,1.0,1.0,1.0,1.0,1.0,1.0,1.0,1.0,1.0,1.0,1.0,1.0,0
55,5.0,2.0,5.0,5.0,5.0,2.0,3.0,2.0,2.0,3.0,3.0,2.0,2.0,2.0,5.0,5.0,4.0,4.0,2.0,2.0,5.0,2.0,2.0,5.0,3.0,5.0,5.0,5.0,5.0,4.0,5.0,5.0,2.0,2.0,2.0,2.0,4.0,2.0,2.0,2.0,2.0,4.0,2.0,3
56,1.0,2.0,2.0,2.0,4.0,2.0,3.0,2.0,2.0,3.0,4.0,2.0,2.0,2.0,3.0,3.0,2.0,2.0,2.0,2.0,2.0,2.0,2.0,2.0,3.0,2.0,2.0,3.0,3.0,2.0,2.0,1.0,2.0,2.0,2.0,2.0,2.0,2.0,2.0,3.0,2.0,3.0,4.0,1
57,4.0,3.0,3.0,3.0,2.0,2.0,3.0,2.0,2.0,5.0,4.0,2.0,4.0,3.0,5.0,3.0,2.0,2.0,1.0,1.0,1.0,1.0,1.0,2.0,4.0,4.0,3.0,5.0,5.0,2.0,2.0,1.0,4.0,2.0,2.0,2.0,2.0,2.0,2.0,2.0,4.0,3.0,4.0,2
58,1.0,1.0,1.0,1.0,1.0,1.0,1.0,1.0,1.0,1.0,2.0,1.0,1.0,1.0,2.0,1.0,1.0,1.0,1.0,1.0,1.0,1.0,1.0,1.0,1.0,1.0,3.0,2.0,3.0,1.0,1.0,1.0,1.0,1.0,1.0,1.0,1.0,1.0,1.0,1.0,1.0,1.0,1.0,0
59,4.0,3.0,4.0,2.0,3.0,2.0,2.0,2.0,2.0,3.0,3.0,2.0,2.0,2.0,3.0,5.0,2.0,2.0,2.0,3.0,3.0,2.0,2.0,2.0,4.0,2.0,5.0,5.0,5.0,2.0,2.0,1.0,5.0,2.0,4.0,4.0,2.0,2.0,2.0,2.0,4.0,4.0,2.0,2
60,1.0,2.0,2.0,3.0,3.0,2.0,2.0,2.0,3.0,5.0,5.0,4.0,3.0,3.0,2.0,1.0,1.0,1.0,2.0,3.0,2.0,3.0,3.0,3.0,3.0,2.0,2.0,4.0,3.0,3.0,3.0,2.0,4.0,2.0,3.0,3.0,3.0,2.0,4.0,3.0,3.0,3.0,3.0,1
61,3.0,2.0,4.0,4.0,2.0,4.0,3.0,2.0,2.0,1.0,1.0,1.0,1.0,1.0,3.0,3.0,4.0,4.0,4.0,3.0,3.0,3.0,2.0,3.0,4.0,1.0,1.0,4.0,4.0,4.0,4.0,1.0,2.0,2.0,4.0,2.0,2.0,2.0,2.0,2.0,2.0,2.0,1.0,2
62,3.0,2.0,2.0,2.0,2.0,2.0,2.0,2.0,2.0,2.0,2.0,2.0,2.0,2.0,2.0,3.0,2.0,2.0,2.0,2.0,2.0,2.0,2.0,2.0,2.0,2.0,3.0,3.0,3.0,3.0,2.0,2.0,1.0,2.0,2.0,2.0,2.0,2.0,2.0,2.0,2.0,2.0,1.0,1
63,5.0,1.0,2.0,2.0,2.0,2.0,4.0,2.0,2.0,3.0,4.0,2.0,2.0,2.0,4.0,3.0,2.0,4.0,3.0,4.0,4.0,2.0,2.0,2.0,3.0,2.0,3.0,5.0,5.0,2.0,5.0,1.0,4.0,2.0,2.0,2.0,2.0,2.0,2.0,3.0,4.0,3.0,2.0,2
64,4.0,3.0,2.0,2.0,2.0,2.0,2.0,2.0,2.0,3.0,4.0,2.0,4.0,4.0,4.0,2.0,3.0,3.0,3.0,2.0,2.0,2.0,1.0,2.0,2.0,3.0,2.0,3.0,3.0,2.0,3.0,1.0,2.0,1.0,2.0,2.0,1.0,2.0,2.0,1.0,2.0,2.0,3.0,1
65,4.0,2.0,2.0,2.0,4.0,2.0,2.0,2.0,2.0,3.0,3.0,2.0,2.0,2.0,5.0,5.0,2.0,5.0,4.0,2.0,2.0,2.0,2.0,2.0,4.0,4.0,4.0,4.0,3.0,2.0,2.0,1.0,2.0,2.0,2.0,2.0,2.0,2.0,2.0,2.0,2.0,2.0,2.0,2
66,3.0,2.0,3.0,3.0,3.0,3.0,3.0,4.0,2.0,4.0,4.0,3.0,3.0,4.0,3.0,3.0,3.0,3.0,2.0,3.0,3.0,3.0,3.0,3.0,4.0,4.0,4.0,4.0,3.0,3.0,4.0,4.0,4.0,3.0,4.0,4.0,5.0,3.0,4.0,3.0,3.0,4.0,4.0,3
67,4.0,4.0,1.0,3.0,1.0,1.0,1.0,2.0,2.0,4.0,5.0,4.0,3.0,2.0,1.0,3.0,3.0,3.0,4.0,4.0,2.0,2.0,2.0,1.0,3.0,3.0,4.0,4.0,4.0,3.0,3.0,2.0,5.0,1.0,2.0,1.0,1.0,1.0,1.0,1.0,3.0,3.0,4.0,2
68,5.0,5.0,4.0,5.0,5.0,4.0,4.0,2.0,3.0,4.0,4.0,5.0,5.0,4.0,4.0,5.0,4.0,4.0,3.0,3.0,4.0,3.0,2.0,5.0,4.0,5.0,4.0,4.0,4.0,3.0,2.0,1.0,2.0,2.0,2.0,2.0,4.0,2.0,2.0,5.0,2.0,4.0,3.0,3
69,3.0,2.0,2.0,2.0,2.0,2.0,1.0,2.0,2.0,3.0,3.0,2.0,2.0,2.0,3.0,1.0,2.0,2.0,2.0,2.0,2.0,2.0,2.0,1.0,2.0,2.0,3.0,2.0,1.0,2.0,2.0,1.0,2.0,2.0,2.0,2.0,2.0,2.0,2.0,2.0,2.0,2.0,3.0,1
70,5.0,5.0,4.0,5.0,5.0,5.0,5.0,4.0,5.0,4.0,5.0,4.0,4.0,4.0,5.0,5.0,5.0,5.0,3.0,3.0,5.0,4.0,5.0,5.0,5.0,5.0,5.0,5.0,5.0,3.0,5.0,5.0,5.0,5.0,3.0,5.0,5.0,5.0,5.0,5.0,5.0,5.0,4.0,4
71,3.0,4.0,2.0,2.0,2.0,2.0,2.0,2.0,2.0,4.0,4.0,2.0,2.0,2.0,4.0,4.0,2.0,2.0,2.0,2.0,2.0,2.0,2.0,2.0,4.0,5.0,5.0,5.0,5.0,2.0,2.0,1.0,3.0,2.0,2.0,2.0,2.0,2.0,2.0,2.0,3.0,4.0,4.0,2
72,4.0,4.0,3.0,5.0,2.0,5.0,4.0,2.0,2.0,3.0,4.0,2.0,2.0,2.0,4.0,5.0,5.0,2.0,2.0,2.0,2.0,2.0,2.0,2.0,2.0,4.0,5.0,3.0,5.0,2.0,4.0,1.0,4.0,4.0,2.0,5.0,2.0,2.0,5.0,3.0,5.0,2.0,2.0,2
73,3.0,2.0,2.0,2.0,2.0,2.0,2.0,2.0,2.0,5.0,5.0,2.0,2.0,2.0,3.0,3.0,2.0,2.0,4.0,2.0,2.0,2.0,2.0,2.0,4.0,4.0,2.0,4.0,3.0,3.0,2.0,1.0,3.0,3.0,3.0,3.0,3.0,2.0,2.0,2.0,3.0,3.0,2.0,1
74,3.0,2.0,2.0,2.0,2.0,5.0,4.0,2.0,2.0,3.0,3.0,2.0,2.0,2.0,3.0,3.0,2.0,2.0,2.0,2.0,2.0,2.0,2.0,2.0,2.0,2.0,3.0,3.0,3.0,2.0,2.0,1.0,2.0,2.0,2.0,2.0,2.0,2.0,2.0,2.0,2.0,2.0,2.0,1
75,5.0,4.0,4.0,4.0,2.0,4.0,4.0,1.0,1.0,3.0,3.0,3.0,3.0,4.0,4.0,5.0,5.0,5.0,5.0,3.0,4.0,2.0,2.0,2.0,3.0,4.0,2.0,3.0,3.0,2.0,2.0,1.0,2.0,2.0,2.0,2.0,1.0,1.0,1.0,1.0,2.0,3.0,3.0,2
76,3.0,2.0,2.0,2.0,2.0,2.0,1.0,2.0,2.0,2.0,3.0,2.0,2.0,2.0,3.0,4.0,2.0,2.0,2.0,2.0,2.0,2.0,2.0,2.0,2.0,1.0,2.0,2.0,3.0,2.0,2.0,1.0,2.0,2.0,2.0,2.0,2.0,2.0,2.0,2.0,3.0,2.0,2.0,1
77,4.0,2.0,2.0,2.0,2.0,2.0,2.0,2.0,2.0,4.0,4.0,4.0,4.0,4.0,4.0,4.0,4.0,4.0,4.0,4.0,4.0,4.0,4.0,4.0,2.0,2.0,3.0,3.0,3.0,2.0,2.0,1.0,4.0,4.0,4.0,3.0,3.0,3.0,3.0,3.0,4.0,2.0,4.0,2
78,3.0,3.0,3.0,3.0,3.0,3.0,3.0,3.0,3.0,4.0,3.0,3.0,4.0,4.0,4.0,4.0,4.0,3.0,3.0,3.0,3.0,3.0,3.0,4.0,4.0,3.0,3.0,4.0,4.0,4.0,4.0,4.0,4.0,3.0,3.0,3.0,2.0,2.0,4.0,2.0,4.0,4.0,4.0,3
79,3.0,2.0,2.0,2.0,2.0,2.0,2.0,2.0,2.0,3.0,3.0,2.0,2.0,2.0,3.0,4.0,2.0,2.0,2.0,3.0,3.0,2.0,2.0,2.0,2.0,2.0,4.0,3.0,3.0,2.0,2.0,1.0,2.0,2.0,2.0,2.0,4.0,2.0,2.0,2.0,2.0,2.0,2.0,1
80,5.0,4.0,2.0,4.0,4.0,5.0,5.0,2.0,2.0,4.0,5.0,3.0,4.0,2.0,2.0,4.0,4.0,4.0,4.0,3.0,5.0,3.0,4.0,5.0,3.0,3.0,3.0,5.0,4.0,4.0,5.0,1.0,3.0,5.0,3.0,3.0,3.0,3.0,3.0,3.0,3.0,3.0,4.0,3
81,4.0,2.0,2.0,2.0,2.0,2.0,3.0,2.0,2.0,4.0,5.0,2.0,2.0,2.0,3.0,3.0,2.0,2.0,2.0,2.0,2.0,2.0,2.0,2.0,3.0,3.0,2.0,4.0,4.0,3.0,4.0,2.0,2.0,2.0,2.0,2.0,2.0,2.0,2.0,2.0,2.0,2.0,4.0,1
82,5.0,5.0,2.0,3.0,2.0,2.0,2.0,2.0,2.0,4.0,5.0,4.0,4.0,4.0,5.0,5.0,5.0,5.0,3.0,4.0,3.0,4.0,3.0,5.0,3.0,2.0,4.0,4.0,4.0,3.0,3.0,2.0,4.0,3.0,3.0,4.0,2.0,1.0,1.0,1.0,4.0,2.0,4.0,2
83,3.0,4.0,4.0,4.0,4.0,4.0,4.0,4.0,4.0,4.0,3.0,2.0,4.0,3.0,4.0,3.0,3.0,3.0,4.0,3.0,3.0,4.0,3.0,3.0,4.0,4.0,4.0,4.0,4.0,4.0,4.0,3.0,3.0,2.0,2.0,3.0,4.0,3.0,3.0,3.0,3.0,4.0,4.0,3
84,5.0,2.0,2.0,2.0,3.0,3.0,5.0,3.0,2.0,5.0,4.0,3.0,3.0,3.0,3.0,5.0,3.0,3.0,3.0,3.0,3.0,3.0,3.0,2.0,4.0,3.0,5.0,4.0,4.0,4.0,3.0,3.0,3.0,3.0,3.0,3.0,2.0,2.0,2.0,2.0,3.0,2.0,4.0,3
85,3.0,2.0,2.0,2.0,2.0,2.0,3.0,2.0,2.0,4.0,5.0,2.0,2.0,4.0,3.0,4.0,2.0,2.0,2.0,2.0,2.0,2.0,2.0,2.0,4.0,4.0,5.0,5.0,5.0,2.0,2.0,1.0,4.0,2.0,4.0,4.0,2.0,2.0,2.0,2.0,3.0,5.0,4.0,2
86,4.0,5.0,2.0,3.0,2.0,2.0,2.0,2.0,2.0,3.0,2.0,2.0,2.0,2.0,3.0,4.0,2.0,2.0,2.0,2.0,2.0,2.0,4.0,2.0,3.0,3.0,4.0,3.0,4.0,2.0,2.0,1.0,2.0,2.0,2.0,2.0,2.0,2.0,2.0,2.0,2.0,3.0,2.0,1
87,4.0,4.0,4.0,4.0,3.0,3.0,4.0,4.0,3.0,5.0,5.0,4.0,4.0,4.0,3.0,3.0,3.0,3.0,5.0,3.0,4.0,4.0,3.0,4.0,4.0,4.0,3.0,4.0,4.0,4.0,2.0,1.0,2.0,2.0,2.0,2.0,2.0,2.0,2.0,2.0,4.0,3.0,4.0,3
88,3.0,2.0,2.0,2.0,2.0,2.0,4.0,2.0,2.0,3.0,5.0,2.0,2.0,2.0,3.0,3.0,2.0,2.0,2.0,2.0,2.0,2.0,2.0,2.0,5.0,2.0,4.0,1.0,1.0,2.0,2.0,1.0,3.0,1.0,2.0,2.0,2.0,2.0,2.0,2.0,3.0,2.0,2.0,1
89,5.0,3.0,5.0,5.0,5.0,5.0,5.0,3.0,3.0,5.0,5.0,3.0,3.0,3.0,3.0,3.0,3.0,3.0,3.0,3.0,3.0,3.0,3.0,3.0,5.0,5.0,4.0,5.0,5.0,3.0,3.0,3.0,3.0,3.0,2.0,2.0,4.0,4.0,2.0,5.0,3.0,3.0,5.0,3
90,3.0,2.0,2.0,2.0,2.0,2.0,2.0,2.0,2.0,4.0,4.0,2.0,2.0,3.0,5.0,3.0,2.0,2.0,2.0,2.0,2.0,2.0,2.0,2.0,2.0,2.0,3.0,4.0,3.0,2.0,2.0,1.0,3.0,3.0,3.0,3.0,3.0,3.0,3.0,3.0,3.0,3.0,3.0,1
91,4.0,4.0,3.0,4.0,4.0,4.0,4.0,3.0,3.0,3.0,3.0,2.0,2.0,2.0,3.0,3.0,2.0,2.0,2.0,2.0,4.0,3.0,3.0,3.0,3.0,4.0,4.0,3.0,3.0,3.0,4.0,3.0,3.0,3.0,3.0,3.0,3.0,3.0,3.0,3.0,3.0,4.0,2.0,3
92,1.0,1.0,1.0,1.0,1.0,1.0,1.0,1.0,1.0,1.0,1.0,1.0,1.0,1.0,1.0,1.0,1.0,1.0,1.0,1.0,1.0,1.0,1.0,1.0,1.0,1.0,1.0,1.0,1.0,1.0,1.0,1.0,1.0,1.0,1.0,1.0,1.0,1.0,1.0,1.0,1.0,1.0,1.0,0
93,3.0,3.0,3.0,3.0,2.0,2.0,3.0,2.0,2.0,3.0,3.0,2.0,2.0,2.0,3.0,3.0,2.0,2.0,3.0,2.0,2.0,2.0,2.0,2.0,2.0,2.0,3.0,3.0,3.0,2.0,2.0,1.0,2.0,2.0,2.0,2.0,2.0,2.0,2.0,2.0,2.0,2.0,2.0,1
94,4.0,4.0,4.0,2.0,2.0,2.0,2.0,2.0,2.0,3.0,3.0,2.0,2.0,2.0,3.0,4.0,5.0,2.0,3.0,3.0,3.0,2.0,1.0,3.0,3.0,2.0,4.0,3.0,3.0,2.0,4.0,1.0,4.0,3.0,3.0,3.0,3.0,2.0,3.0,3.0,3.0,2.0,2.0,2
95,3.0,2.0,2.0,4.0,3.0,2.0,3.0,2.0,2.0,4.0,2.0,2.0,3.0,3.0,4.0,2.0,5.0,5.0,3.0,2.0,3.0,2.0,2.0,1.0,4.0,3.0,4.0,4.0,4.0,2.0,2.0,2.0,5.0,3.0,3.0,3.0,4.0,1.0,1.0,1.0,4.0,3.0,3.0,2
96,4.0,2.0,2.0,2.0,2.0,4.0,4.0,2.0,2.0,3.0,3.0,2.0,2.0,2.0,3.0,4.0,3.0,3.0,4.0,3.0,3.0,2.0,2.0,4.0,4.0,4.0,5.0,4.0,3.0,2.0,2.0,1.0,3.0,2.0,2.0,2.0,2.0,2.0,2.0,2.0,2.0,2.0,2.0,2
97,5.0,4.0,4.0,4.0,4.0,4.0,4.0,4.0,3.0,5.0,5.0,5.0,5.0,5.0,3.0,4.0,5.0,5.0,5.0,4.0,5.0,4.0,3.0,4.0,5.0,3.0,4.0,5.0,5.0,4.0,5.0,4.0,5.0,4.0,4.0,5.0,5.0,4.0,4.0,5.0,4.0,4.0,4.0,4
98,3.0,2.0,2.0,2.0,3.0,2.0,2.0,2.0,2.0,3.0,3.0,2.0,2.0,2.0,3.0,4.0,4.0,2.0,3.0,2.0,3.0,2.0,2.0,2.0,4.0,3.0,4.0,4.0,4.0,2.0,2.0,1.0,4.0,2.0,2.0,4.0,5.0,2.0,2.0,2.0,4.0,2.0,2.0,2
99,2.0,3.0,2.0,2.0,2.0,2.0,3.0,2.0,2.0,2.0,3.0,2.0,2.0,2.0,2.0,3.0,2.0,2.0,3.0,2.0,3.0,2.0,2.0,2.0,2.0,3.0,2.0,3.0,3.0,3.0,4.0,2.0,2.0,3.0,2.0,2.0,1.0,1.0,1.0,1.0,2.0,3.0,2.0,1
100,5.0,5.0,4.0,2.0,2.0,5.0,5.0,2.0,2.0,3.0,3.0,2.0,2.0,2.0,4.0,5.0,4.0,5.0,4.0,3.0,4.0,2.0,4.0,2.0,2.0,4.0,4.0,5.0,3.0,2.0,5.0,1.0,5.0,4.0,4.0,2.0,3.0,2.0,2.0,2.0,5.0,5.0,2.0,3
101,5.0,4.0,4.0,4.0,4.0,3.0,4.0,2.0,2.0,4.0,5.0,2.0,4.0,4.0,3.0,5.0,5.0,5.0,4.0,4.0,4.0,4.0,3.0,3.0,4.0,4.0,5.0,5.0,4.0,2.0,2.0,4.0,2.0,2.0,3.0,3.0,3.0,2.0,2.0,4.0,2.0,5.0,4.0,3
102,4.0,2.0,2.0,4.0,3.0,3.0,4.0,2.0,2.0,3.0,3.0,2.0,2.0,2.0,3.0,3.0,2.0,2.0,3.0,4.0,4.0,2.0,2.0,2.0,2.0,2.0,3.0,3.0,3.0,2.0,5.0,1.0,3.0,2.0,2.0,2.0,2.0,2.0,2.0,2.0,4.0,2.0,2.0,2
103,4.0,4.0,3.0,2.0,2.0,2.0,3.0,3.0,2.0,3.0,2.0,2.0,3.0,2.0,3.0,2.0,3.0,3.0,3.0,3.0,2.0,2.0,3.0,2.0,3.0,2.0,3.0,2.0,4.0,2.0,3.0,2.0,1.0,2.0,2.0,3.0,3.0,3.0,2.0,4.0,2.0,2.0,3.0,1
104,5.0,2.0,2.0,2.0,2.0,2.0,5.0,2.0,2.0,3.0,3.0,2.0,2.0,2.0,3.0,5.0,2.0,5.0,1.0,2.0,2.0,2.0,2.0,2.0,2.0,2.0,5.0,5.0,3.0,2.0,2.0,1.0,2.0,3.0,3.0,3.0,1.0,1.0,1.0,1.0,2.0,2.0,2.0,1
105,5.0,1.0,1.0,2.0,3.0,5.0,5.0,2.0,1.0,3.0,4.0,2.0,4.0,2.0,1.0,5.0,1.0,4.0,3.0,3.0,2.0,1.0,1.0,3.0,3.0,1.0,2.0,4.0,4.0,2.0,4.0,1.0,2.0,1.0,1.0,1.0,1.0,3.0,3.0,4.0,1.0,2.0,1.0,1
106,4.0,4.0,4.0,4.0,4.0,4.0,4.0,4.0,4.0,4.0,4.0,4.0,4.0,4.0,4.0,4.0,4.0,4.0,4.0,4.0,4.0,4.0,4.0,4.0,4.0,4.0,5.0,4.0,4.0,4.0,5.0,4.0,4.0,4.0,4.0,4.0,5.0,3.0,3.0,4.0,4.0,4.0,4.0,4
107,4.0,2.0,2.0,2.0,2.0,2.0,4.0,2.0,2.0,3.0,3.0,2.0,2.0,2.0,3.0,3.0,2.0,2.0,4.0,2.0,2.0,2.0,2.0,2.0,2.0,3.0,3.0,3.0,3.0,2.0,2.0,1.0,4.0,2.0,2.0,2.0,2.0,2.0,2.0,2.0,2.0,2.0,2.0,1
108,3.0,3.0,3.0,3.0,3.0,2.0,3.0,2.0,2.0,3.0,3.0,2.0,2.0,2.0,3.0,3.0,2.0,2.0,3.0,2.0,2.0,2.0,2.0,3.0,2.0,2.0,3.0,3.0,3.0,3.0,2.0,1.0,3.0,3.0,3.0,3.0,3.0,3.0,3.0,3.0,2.0,2.0,3.0,1
109,4.0,4.0,4.0,4.0,4.0,4.0,4.0,3.0,3.0,5.0,5.0,5.0,4.0,4.0,5.0,3.0,3.0,3.0,3.0,4.0,4.0,4.0,4.0,3.0,4.0,3.0,4.0,3.0,3.0,3.0,3.0,3.0,4.0,2.0,5.0,4.0,2.0,2.0,2.0,2.0,4.0,4.0,4.0,3
110,3.0,3.0,3.0,2.0,3.0,2.0,3.0,2.0,1.0,5.0,5.0,2.0,1.0,1.0,4.0,2.0,1.0,2.0,3.0,1.0,2.0,1.0,2.0,1.0,1.0,3.0,2.0,3.0,2.0,1.0,1.0,1.0,3.0,2.0,1.0,1.0,1.0,1.0,2.0,2.0,3.0,1.0,4.0,1
111,4.0,4.0,2.0,2.0,2.0,3.0,4.0,2.0,2.0,3.0,3.0,2.0,2.0,2.0,3.0,3.0,3.0,4.0,3.0,4.0,3.0,2.0,2.0,4.0,4.0,3.0,4.0,4.0,4.0,2.0,2.0,1.0,2.0,2.0,2.0,2.0,2.0,2.0,2.0,2.0,2.0,4.0,2.0,2
112,3.0,2.0,2.0,2.0,2.0,2.0,2.0,2.0,2.0,3.0,3.0,2.0,2.0,2.0,3.0,5.0,2.0,2.0,2.0,2.0,2.0,2.0,2.0,2.0,2.0,2.0,4.0,3.0,3.0,2.0,2.0,1.0,4.0,3.0,4.0,4.0,4.0,4.0,2.0,2.0,3.0,2.0,2.0,1
113,1.0,2.0,2.0,2.0,2.0,2.0,2.0,2.0,2.0,3.0,3.0,2.0,2.0,2.0,1.0,3.0,2.0,2.0,2.0,2.0,2.0,2.0,2.0,2.0,2.0,2.0,2.0,3.0,3.0,2.0,2.0,1.0,2.0,2.0,2.0,2.0,2.0,2.0,2.0,2.0,2.0,2.0,2.0,1
114,3.0,2.0,2.0,2.0,2.0,2.0,2.0,2.0,2.0,3.0,3.0,2.0,2.0,2.0,3.0,3.0,2.0,1.0,1.0,1.0,1.0,2.0,2.0,2.0,2.0,3.0,2.0,3.0,3.0,2.0,2.0,1.0,2.0,2.0,2.0,2.0,2.0,2.0,2.0,2.0,5.0,3.0,2.0,1
115,4.0,4.0,4.0,2.0,2.0,2.0,2.0,2.0,2.0,4.0,4.0,4.0,4.0,4.0,4.0,4.0,4.0,4.0,3.0,3.0,3.0,3.0,3.0,4.0,2.0,2.0,3.0,3.0,3.0,2.0,2.0,1.0,4.0,4.0,4.0,4.0,2.0,2.0,2.0,2.0,4.0,2.0,4.0,2
116,3.0,2.0,2.0,2.0,2.0,2.0,4.0,2.0,2.0,3.0,3.0,2.0,2.0,2.0,4.0,4.0,3.0,3.0,3.0,4.0,3.0,2.0,2.0,2.0,2.0,2.0,4.0,4.0,3.0,2.0,2.0,1.0,4.0,2.0,2.0,2.0,2.0,2.0,2.0,2.0,2.0,3.0,2.0,2
117,4.0,3.0,4.0,4.0,4.0,4.0,4.0,4.0,3.0,4.0,4.0,4.0,4.0,4.0,4.0,4.0,4.0,4.0,4.0,4.0,4.0,4.0,4.0,4.0,4.0,4.0,4.0,5.0,5.0,4.0,4.0,4.0,4.0,4.0,4.0,4.0,4.0,4.0,4.0,4.0,4.0,4.0,4.0,4
118,4.0,3.0,4.0,3.0,3.0,3.0,3.0,1.0,1.0,3.0,4.0,2.0,3.0,3.0,3.0,4.0,3.0,3.0,2.0,2.0,2.0,2.0,2.0,3.0,2.0,2.0,4.0,3.0,3.0,3.0,2.0,2.0,3.0,2.0,2.0,2.0,2.0,2.0,2.0,2.0,2.0,2.0,3.0,1
119,4.0,2.0,2.0,2.0,2.0,3.0,3.0,2.0,2.0,4.0,5.0,2.0,2.0,2.0,4.0,4.0,2.0,2.0,2.0,5.0,1.0,2.0,2.0,2.0,2.0,4.0,4.0,4.0,3.0,2.0,2.0,1.0,2.0,2.0,2.0,2.0,2.0,2.0,2.0,2.0,2.0,2.0,4.0,1
120,3.0,2.0,2.0,2.0,2.0,2.0,2.0,2.0,2.0,1.0,2.0,1.0,1.0,1.0,4.0,1.0,2.0,1.0,4.0,1.0,1.0,2.0,1.0,1.0,1.0,1.0,2.0,4.0,1.0,1.0,1.0,1.0,2.0,1.0,1.0,1.0,1.0,1.0,1.0,1.0,3.0,1.0,1.0,0
121,3.0,4.0,3.0,2.0,2.0,2.0,2.0,2.0,2.0,3.0,4.0,2.0,2.0,2.0,3.0,4.0,2.0,2.0,2.0,2.0,2.0,2.0,2.0,2.0,2.0,3.0,3.0,4.0,4.0,2.0,2.0,1.0,3.0,2.0,2.0,2.0,2.0,2.0,2.0,2.0,4.0,2.0,3.0,1
122,4.0,3.0,4.0,2.0,2.0,3.0,3.0,2.0,2.0,3.0,4.0,2.0,2.0,2.0,3.0,3.0,2.0,3.0,4.0,2.0,2.0,2.0,2.0,2.0,3.0,2.0,4.0,3.0,4.0,2.0,2.0,1.0,4.0,2.0,2.0,2.0,3.0,2.0,2.0,2.0,2.0,2.0,2.0,1
123,4.0,2.0,2.0,2.0,2.0,2.0,2.0,2.0,2.0,3.0,4.0,2.0,2.0,2.0,3.0,3.0,2.0,2.0,5.0,2.0,2.0,2.0,2.0,2.0,3.0,2.0,3.0,4.0,3.0,2.0,2.0,1.0,4.0,2.0,2.0,2.0,2.0,2.0,2.0,2.0,2.0,3.0,2.0,1
124,4.0,2.0,3.0,4.0,3.0,3.0,5.0,3.0,2.0,5.0,5.0,4.0,3.0,2.0,4.0,4.0,5.0,5.0,3.0,3.0,3.0,2.0,2.0,3.0,4.0,4.0,3.0,5.0,4.0,3.0,5.0,2.0,3.0,2.0,5.0,4.0,3.0,1.0,2.0,2.0,4.0,3.0,4.0,3
125,5.0,2.0,3.0,2.0,3.0,4.0,4.0,3.0,1.0,4.0,5.0,3.0,3.0,2.0,5.0,5.0,2.0,3.0,3.0,4.0,1.0,3.0,1.0,2.0,4.0,3.0,4.0,4.0,4.0,5.0,4.0,2.0,3.0,1.0,5.0,5.0,5.0,3.0,4.0,5.0,3.0,2.0,4.0,3
126,5.0,3.0,3.0,3.0,5.0,3.0,5.0,2.0,3.0,5.0,3.0,2.0,3.0,4.0,5.0,5.0,3.0,2.0,2.0,2.0,4.0,3.0,3.0,3.0,3.0,2.0,5.0,2.0,3.0,2.0,3.0,1.0,3.0,1.0,1.0,1.0,1.0,1.0,1.0,1.0,5.0,2.0,5.0,2
127,5.0,3.0,2.0,2.0,3.0,1.0,2.0,1.0,1.0,4.0,4.0,3.0,1.0,1.0,5.0,4.0,2.0,1.0,3.0,1.0,2.0,1.0,2.0,2.0,3.0,2.0,4.0,3.0,2.0,1.0,4.0,1.0,2.0,1.0,2.0,1.0,2.0,1.0,1.0,1.0,1.0,3.0,3.0,1
128,3.0,2.0,2.0,2.0,2.0,2.0,2.0,2.0,2.0,3.0,4.0,2.0,2.0,2.0,3.0,3.0,4.0,4.0,3.0,2.0,2.0,2.0,2.0,3.0,2.0,2.0,3.0,4.0,3.0,2.0,2.0,1.0,2.0,2.0,2.0,2.0,2.0,2.0,2.0,2.0,2.0,2.0,2.0,1
129,4.0,3.0,3.0,3.0,3.0,3.0,3.0,3.0,3.0,3.0,4.0,3.0,3.0,3.0,3.0,4.0,3.0,3.0,3.0,3.0,3.0,3.0,3.0,4.0,3.0,3.0,3.0,3.0,3.0,3.0,3.0,3.0,3.0,3.0,3.0,3.0,3.0,3.0,3.0,3.0,4.0,3.0,3.0,3
130,3.0,2.0,2.0,4.0,2.0,2.0,2.0,2.0,2.0,3.0,3.0,2.0,2.0,2.0,3.0,3.0,3.0,3.0,4.0,2.0,2.0,2.0,2.0,2.0,2.0,2.0,3.0,3.0,3.0,4.0,2.0,1.0,2.0,2.0,2.0,2.0,3.0,2.0,2.0,2.0,2.0,2.0,2.0,1
131,5.0,5.0,5.0,5.0,4.0,4.0,5.0,4.0,4.0,3.0,3.0,4.0,4.0,4.0,4.0,5.0,5.0,4.0,5.0,3.0,3.0,4.0,4.0,5.0,4.0,5.0,5.0,5.0,5.0,5.0,5.0,5.0,3.0,3.0,3.0,3.0,2.0,2.0,2.0,2.0,5.0,4.0,3.0,4
132,4.0,3.0,2.0,1.0,1.0,1.0,1.0,1.0,1.0,4.0,3.0,1.0,3.0,2.0,4.0,3.0,2.0,4.0,1.0,1.0,1.0,1.0,1.0,1.0,1.0,2.0,3.0,4.0,3.0,2.0,2.0,1.0,3.0,3.0,3.0,3.0,3.0,3.0,3.0,2.0,3.0,1.0,2.0,1
133,3.0,3.0,4.0,3.0,1.0,3.0,5.0,2.0,2.0,4.0,4.0,2.0,4.0,2.0,3.0,4.0,2.0,2.0,4.0,3.0,1.0,4.0,4.0,3.0,3.0,4.0,2.0,4.0,4.0,1.0,4.0,1.0,4.0,2.0,2.0,2.0,2.0,2.0,2.0,2.0,4.0,4.0,3.0,2
134,2.0,2.0,2.0,2.0,2.0,2.0,2.0,2.0,2.0,2.0,2.0,2.0,2.0,2.0,2.0,2.0,2.0,2.0,2.0,2.0,2.0,2.0,2.0,2.0,3.0,1.0,1.0,2.0,2.0,2.0,2.0,2.0,2.0,2.0,2.0,2.0,2.0,2.0,2.0,2.0,2.0,3.0,2.0,1
135,2.0,2.0,2.0,2.0,2.0,2.0,3.0,2.0,2.0,4.0,4.0,4.0,4.0,4.0,3.0,5.0,2.0,2.0,4.0,4.0,3.0,3.0,3.0,3.0,2.0,2.0,5.0,4.0,3.0,4.0,2.0,1.0,3.0,2.0,2.0,2.0,2.0,2.0,2.0,2.0,2.0,2.0,4.0,2
136,3.0,2.0,2.0,2.0,2.0,2.0,2.0,2.0,2.0,3.0,2.0,2.0,3.0,2.0,3.0,3.0,2.0,2.0,1.0,2.0,2.0,1.0,2.0,2.0,2.0,3.0,3.0,2.0,3.0,2.0,2.0,1.0,3.0,2.0,2.0,2.0,2.0,2.0,2.0,2.0,2.0,1.0,3.0,1
137,3.0,2.0,2.0,2.0,4.0,4.0,4.0,5.0,4.0,4.0,4.0,4.0,4.0,4.0,4.0,4.0,4.0,4.0,3.0,3.0,3.0,3.0,2.0,2.0,4.0,4.0,5.0,5.0,3.0,2.0,2.0,1.0,2.0,5.0,2.0,2.0,2.0,2.0,4.0,4.0,2.0,3.0,4.0,3
138,4.0,3.0,4.0,4.0,4.0,3.0,3.0,3.0,3.0,4.0,3.0,3.0,3.0,3.0,4.0,4.0,3.0,3.0,4.0,3.0,3.0,3.0,3.0,3.0,3.0,3.0,3.0,3.0,3.0,3.0,3.0,2.0,3.0,3.0,3.0,4.0,4.0,3.0,3.0,3.0,3.0,3.0,4.0,3
139,5.0,4.0,5.0,4.0,3.0,5.0,5.0,4.0,3.0,5.0,5.0,3.0,4.0,4.0,5.0,5.0,5.0,4.0,4.0,5.0,4.0,4.0,4.0,4.0,3.0,3.0,4.0,4.0,4.0,4.0,4.0,3.0,5.0,5.0,3.0,4.0,4.0,4.0,4.0,3.0,4.0,3.0,5.0,4
140,5.0,5.0,5.0,5.0,5.0,5.0,5.0,5.0,5.0,4.0,5.0,4.0,5.0,5.0,5.0,5.0,5.0,4.0,5.0,4.0,5.0,5.0,5.0,5.0,5.0,5.0,5.0,5.0,5.0,5.0,5.0,3.0,5.0,5.0,5.0,5.0,5.0,4.0,5.0,5.0,5.0,3.0,5.0,4
141,4.0,4.0,4.0,4.0,4.0,4.0,4.0,4.0,4.0,4.0,4.0,4.0,4.0,4.0,4.0,4.0,4.0,3.0,4.0,4.0,4.0,4.0,4.0,4.0,4.0,4.0,5.0,4.0,5.0,3.0,4.0,5.0,3.0,3.0,4.0,4.0,3.0,4.0,4.0,4.0,4.0,4.0,4.0,4
142,5.0,5.0,5.0,5.0,5.0,3.0,5.0,3.0,3.0,5.0,5.0,3.0,3.0,3.0,3.0,3.0,3.0,3.0,4.0,4.0,4.0,5.0,4.0,3.0,4.0,3.0,3.0,3.0,5.0,3.0,4.0,1.0,3.0,4.0,4.0,2.0,5.0,4.0,5.0,4.0,3.0,4.0,5.0,3
143,5.0,2.0,2.0,2.0,2.0,2.0,4.0,2.0,2.0,3.0,3.0,2.0,2.0,2.0,3.0,3.0,2.0,2.0,3.0,2.0,2.0,2.0,2.0,4.0,4.0,3.0,4.0,4.0,4.0,2.0,4.0,1.0,4.0,5.0,2.0,2.0,2.0,2.0,2.0,2.0,3.0,4.0,2.0,2
144,3.0,4.0,2.0,2.0,2.0,2.0,3.0,2.0,2.0,3.0,3.0,2.0,2.0,2.0,5.0,5.0,5.0,2.0,3.0,4.0,4.0,2.0,2.0,3.0,2.0,2.0,3.0,3.0,3.0,2.0,2.0,1.0,4.0,2.0,2.0,2.0,2.0,2.0,2.0,2.0,3.0,3.0,2.0,2
145,2.0,2.0,2.0,2.0,2.0,2.0,2.0,2.0,2.0,3.0,2.0,2.0,3.0,4.0,4.0,4.0,4.0,4.0,2.0,2.0,2.0,3.0,3.0,4.0,2.0,1.0,3.0,2.0,2.0,2.0,2.0,2.0,2.0,2.0,2.0,3.0,3.0,3.0,3.0,3.0,2.0,2.0,3.0,1
146,3.0,3.0,3.0,3.0,3.0,3.0,3.0,3.0,3.0,3.0,3.0,3.0,3.0,3.0,3.0,3.0,3.0,3.0,3.0,3.0,3.0,3.0,3.0,3.0,3.0,3.0,3.0,3.0,3.0,3.0,3.0,3.0,3.0,3.0,3.0,3.0,3.0,3.0,3.0,3.0,3.0,3.0,3.0,3
147,5.0,5.0,5.0,5.0,5.0,5.0,5.0,5.0,5.0,5.0,5.0,5.0,5.0,5.0,5.0,5.0,5.0,5.0,5.0,5.0,5.0,5.0,5.0,5.0,5.0,5.0,5.0,5.0,5.0,5.0,5.0,5.0,5.0,5.0,5.0,5.0,5.0,5.0,5.0,5.0,5.0,5.0,5.0,4
148,3.0,2.0,2.0,1.0,1.0,1.0,4.0,1.0,1.0,1.0,1.0,1.0,1.0,1.0,5.0,3.0,4.0,4.0,3.0,1.0,1.0,1.0,1.0,1.0,2.0,2.0,2.0,2.0,3.0,2.0,2.0,1.0,2.0,2.0,2.0,2.0,2.0,2.0,2.0,2.0,2.0,2.0,1.0,1
149,3.0,2.0,2.0,3.0,3.0,2.0,3.0,2.0,2.0,3.0,3.0,1.0,3.0,4.0,5.0,3.0,5.0,3.0,3.0,2.0,2.0,2.0,2.0,1.0,3.0,3.0,4.0,3.0,2.0,2.0,2.0,3.0,3.0,3.0,3.0,3.0,3.0,2.0,3.0,2.0,3.0,3.0,4.0,2
150,4.0,3.0,4.0,4.0,4.0,4.0,4.0,3.0,4.0,3.0,3.0,4.0,4.0,3.0,3.0,3.0,4.0,4.0,4.0,4.0,4.0,4.0,4.0,3.0,3.0,3.0,4.0,4.0,4.0,4.0,4.0,4.0,2.0,2.0,2.0,2.0,2.0,2.0,2.0,2.0,2.0,4.0,3.0,3
151,3.0,2.0,2.0,3.0,2.0,2.0,3.0,2.0,2.0,3.0,5.0,2.0,4.0,2.0,3.0,4.0,2.0,2.0,5.0,2.0,4.0,2.0,2.0,2.0,2.0,2.0,3.0,3.0,3.0,2.0,2.0,1.0,3.0,2.0,2.0,2.0,2.0,2.0,2.0,2.0,3.0,2.0,2.0,1
152,5.0,5.0,5.0,5.0,5.0,5.0,5.0,5.0,5.0,4.0,5.0,5.0,5.0,5.0,5.0,5.0,5.0,5.0,5.0,5.0,5.0,5.0,5.0,5.0,5.0,5.0,5.0,5.0,5.0,5.0,5.0,5.0,5.0,5.0,5.0,5.0,5.0,5.0,5.0,5.0,5.0,5.0,5.0,4
153,3.0,1.0,2.0,2.0,2.0,2.0,3.0,2.0,3.0,1.0,1.0,2.0,2.0,2.0,3.0,3.0,2.0,2.0,3.0,3.0,3.0,4.0,5.0,4.0,3.0,3.0,2.0,2.0,1.0,2.0,2.0,3.0,1.0,2.0,3.0,2.0,1.0,1.0,3.0,2.0,2.0,2.0,2.0,1
154,4.0,2.0,2.0,2.0,2.0,2.0,2.0,2.0,2.0,3.0,3.0,2.0,2.0,2.0,3.0,3.0,2.0,2.0,5.0,2.0,2.0,2.0,2.0,2.0,4.0,2.0,3.0,4.0,4.0,2.0,2.0,1.0,2.0,2.0,2.0,2.0,5.0,2.0,2.0,2.0,5.0,2.0,2.0,1
155,4.0,4.0,4.0,4.0,4.0,4.0,5.0,2.0,2.0,5.0,5.0,2.0,4.0,4.0,4.0,4.0,2.0,2.0,2.0,2.0,2.0,2.0,2.0,2.0,3.0,4.0,3.0,4.0,4.0,2.0,5.0,1.0,3.0,2.0,2.0,2.0,2.0,2.0,2.0,2.0,5.0,3.0,4.0,3
156,3.0,2.0,2.0,2.0,2.0,4.0,5.0,2.0,2.0,3.0,3.0,2.0,2.0,2.0,3.0,3.0,2.0,2.0,2.0,2.0,2.0,2.0,2.0,2.0,3.0,3.0,3.0,3.0,3.0,3.0,3.0,3.0,5.0,2.0,2.0,2.0,2.0,2.0,2.0,2.0,2.0,3.0,2.0,1
157,4.0,3.0,3.0,2.0,2.0,2.0,2.0,2.0,2.0,3.0,4.0,2.0,2.0,2.0,3.0,3.0,2.0,2.0,2.0,2.0,2.0,2.0,2.0,2.0,2.0,2.0,3.0,2.0,3.0,2.0,2.0,1.0,2.0,4.0,2.0,2.0,2.0,2.0,2.0,2.0,4.0,4.0,2.0,1
158,3.0,2.0,4.0,3.0,5.0,3.0,3.0,2.0,3.0,4.0,4.0,3.0,3.0,3.0,4.0,3.0,4.0,4.0,3.0,3.0,3.0,5.0,4.0,2.0,2.0,1.0,2.0,4.0,5.0,3.0,4.0,4.0,2.0,5.0,3.0,2.0,4.0,3.0,3.0,3.0,2.0,4.0,5.0,3
159,2.0,1.0,2.0,2.0,2.0,2.0,1.0,2.0,2.0,3.0,3.0,2.0,2.0,2.0,3.0,4.0,3.0,3.0,3.0,3.0,3.0,2.0,2.0,2.0,2.0,2.0,4.0,4.0,4.0,2.0,4.0,1.0,2.0,2.0,2.0,2.0,2.0,2.0,2.0,2.0,4.0,2.0,2.0,1
160,5.0,5.0,5.0,5.0,5.0,5.0,5.0,5.0,5.0,5.0,5.0,5.0,5.0,5.0,5.0,5.0,5.0,5.0,5.0,5.0,5.0,5.0,5.0,5.0,5.0,5.0,5.0,5.0,5.0,5.0,5.0,5.0,5.0,5.0,5.0,5.0,5.0,5.0,5.0,5.0,5.0,5.0,5.0,4
161,2.0,2.0,2.0,2.0,2.0,1.0,1.0,1.0,1.0,3.0,2.0,1.0,2.0,2.0,2.0,2.0,2.0,2.0,3.0,1.0,1.0,1.0,1.0,1.0,2.0,2.0,2.0,2.0,2.0,2.0,2.0,2.0,2.0,1.0,1.0,3.0,1.0,1.0,1.0,1.0,2.0,1.0,3.0,0
162,3.0,3.0,3.0,3.0,3.0,3.0,3.0,3.0,3.0,3.0,3.0,3.0,3.0,3.0,3.0,3.0,3.0,3.0,3.0,3.0,3.0,3.0,3.0,3.0,3.0,3.0,3.0,3.0,3.0,3.0,3.0,3.0,3.0,3.0,3.0,3.0,4.0,3.0,3.0,3.0,3.0,3.0,3.0,3
163,3.0,3.0,2.0,2.0,2.0,3.0,3.0,3.0,2.0,3.0,3.0,1.0,3.0,3.0,3.0,4.0,3.0,3.0,4.0,2.0,3.0,2.0,2.0,1.0,3.0,2.0,2.0,3.0,2.0,2.0,2.0,1.0,3.0,1.0,2.0,2.0,2.0,2.0,2.0,2.0,2.0,1.0,4.0,1
164,3.0,1.0,1.0,1.0,1.0,1.0,1.0,1.0,1.0,4.0,3.0,2.0,3.0,3.0,3.0,3.0,3.0,3.0,2.0,1.0,2.0,1.0,1.0,1.0,3.0,2.0,3.0,2.0,2.0,2.0,2.0,1.0,4.0,2.0,2.0,2.0,2.0,2.0,2.0,2.0,3.0,2.0,4.0,1
165,3.0,2.0,4.0,2.0,2.0,2.0,2.0,2.0,2.0,3.0,3.0,2.0,2.0,2.0,5.0,5.0,5.0,2.0,2.0,2.0,4.0,2.0,2.0,2.0,3.0,1.0,5.0,5.0,5.0,2.0,4.0,1.0,2.0,2.0,2.0,2.0,3.0,2.0,2.0,2.0,2.0,3.0,2.0,2
166,3.0,3.0,2.0,2.0,2.0,2.0,2.0,2.0,2.0,3.0,3.0,2.0,2.0,2.0,3.0,3.0,2.0,2.0,4.0,2.0,2.0,2.0,2.0,2.0,2.0,2.0,3.0,3.0,3.0,2.0,2.0,1.0,2.0,2.0,2.0,2.0,2.0,2.0,2.0,2.0,2.0,2.0,2.0,1
167,2.0,2.0,2.0,2.0,2.0,2.0,2.0,2.0,2.0,3.0,1.0,1.0,3.0,3.0,4.0,3.0,3.0,3.0,2.0,1.0,1.0,1.0,1.0,3.0,2.0,2.0,3.0,2.0,2.0,2.0,2.0,2.0,3.0,2.0,3.0,3.0,3.0,3.0,2.0,2.0,3.0,2.0,3.0,1
168,4.0,2.0,2.0,2.0,3.0,1.0,3.0,2.0,2.0,3.0,3.0,2.0,2.0,2.0,3.0,5.0,2.0,2.0,2.0,2.0,2.0,2.0,2.0,2.0,2.0,2.0,3.0,3.0,3.0,2.0,2.0,1.0,2.0,2.0,2.0,2.0,2.0,2.0,2.0,2.0,2.0,2.0,2.0,1
169,1.0,1.0,1.0,1.0,1.0,1.0,1.0,2.0,2.0,1.0,1.0,1.0,1.0,2.0,1.0,1.0,1.0,1.0,1.0,1.0,1.0,1.0,1.0,1.0,1.0,1.0,1.0,1.0,1.0,1.0,1.0,1.0,1.0,1.0,1.0,1.0,1.0,1.0,1.0,1.0,1.0,1.0,2.0,0
170,2.0,3.0,3.0,1.0,3.0,5.0,4.0,2.0,2.0,1.0,4.0,4.0,4.0,3.0,5.0,5.0,5.0,5.0,5.0,5.0,5.0,5.0,3.0,4.0,1.0,1.0,5.0,3.0,3.0,2.0,2.0,1.0,3.0,3.0,3.0,3.0,3.0,3.0,3.0,3.0,3.0,1.0,1.0,2
171,4.0,2.0,2.0,2.0,2.0,2.0,3.0,2.0,2.0,3.0,3.0,2.0,2.0,2.0,2.0,3.0,4.0,2.0,2.0,2.0,5.0,2.0,3.0,1.0,4.0,2.0,2.0,4.0,5.0,2.0,3.0,3.0,3.0,2.0,3.0,4.0,2.0,2.0,2.0,3.0,2.0,4.0,2.0,2
172,4.0,2.0,2.0,2.0,2.0,2.0,4.0,2.0,2.0,4.0,5.0,2.0,2.0,2.0,3.0,5.0,2.0,2.0,2.0,2.0,2.0,2.0,2.0,2.0,4.0,3.0,5.0,3.0,3.0,3.0,2.0,1.0,2.0,2.0,2.0,2.0,2.0,2.0,2.0,2.0,3.0,2.0,4.0,1
173,4.0,3.0,3.0,3.0,5.0,5.0,5.0,2.0,3.0,4.0,5.0,5.0,5.0,3.0,3.0,3.0,3.0,3.0,4.0,5.0,3.0,4.0,3.0,1.0,2.0,3.0,4.0,5.0,5.0,4.0,5.0,1.0,4.0,4.0,3.0,4.0,5.0,4.0,4.0,4.0,4.0,3.0,5.0,3
174,5.0,3.0,3.0,3.0,4.0,4.0,4.0,3.0,3.0,3.0,4.0,3.0,3.0,3.0,3.0,4.0,4.0,4.0,2.0,3.0,3.0,3.0,3.0,2.0,3.0,3.0,4.0,5.0,5.0,5.0,5.0,3.0,3.0,3.0,3.0,3.0,5.0,3.0,3.0,3.0,3.0,5.0,3.0,3
175,1.0,1.0,1.0,1.0,1.0,1.0,1.0,1.0,1.0,1.0,1.0,1.0,1.0,1.0,1.0,1.0,1.0,1.0,1.0,1.0,1.0,1.0,1.0,1.0,1.0,1.0,1.0,1.0,1.0,1.0,1.0,1.0,1.0,1.0,1.0,1.0,1.0,1.0,1.0,1.0,1.0,1.0,1.0,0
176,4.0,4.0,4.0,4.0,2.0,2.0,2.0,2.0,2.0,4.0,5.0,3.0,2.0,2.0,5.0,4.0,2.0,4.0,3.0,2.0,2.0,2.0,2.0,3.0,2.0,2.0,4.0,3.0,3.0,2.0,2.0,1.0,3.0,2.0,1.0,1.0,1.0,1.0,3.0,2.0,3.0,2.0,2.0,1
177,4.0,2.0,2.0,2.0,2.0,3.0,3.0,2.0,2.0,3.0,3.0,2.0,2.0,2.0,4.0,5.0,2.0,2.0,4.0,2.0,2.0,2.0,2.0,4.0,3.0,4.0,4.0,3.0,3.0,2.0,2.0,1.0,3.0,3.0,4.0,4.0,3.0,3.0,2.0,2.0,3.0,4.0,2.0,2
178,5.0,3.0,3.0,4.0,4.0,4.0,5.0,3.0,3.0,3.0,4.0,3.0,3.0,3.0,4.0,4.0,2.0,3.0,1.0,2.0,1.0,1.0,1.0,3.0,3.0,3.0,4.0,3.0,3.0,3.0,3.0,3.0,4.0,3.0,3.0,3.0,3.0,4.0,4.0,4.0,4.0,3.0,3.0,3
179,3.0,2.0,2.0,2.0,2.0,2.0,3.0,2.0,2.0,3.0,3.0,2.0,2.0,2.0,3.0,2.0,1.0,2.0,3.0,2.0,2.0,2.0,2.0,1.0,1.0,1.0,3.0,4.0,3.0,2.0,2.0,1.0,3.0,2.0,2.0,2.0,1.0,2.0,2.0,1.0,3.0,1.0,2.0,1
180,3.0,4.0,3.0,4.0,3.0,4.0,3.0,4.0,4.0,5.0,4.0,4.0,3.0,4.0,4.0,4.0,3.0,4.0,3.0,3.0,4.0,4.0,4.0,3.0,5.0,4.0,4.0,4.0,4.0,3.0,4.0,3.0,3.0,4.0,4.0,4.0,3.0,4.0,3.0,4.0,4.0,4.0,4.0,3
181,4.0,3.0,3.0,3.0,4.0,3.0,4.0,5.0,1.0,2.0,4.0,3.0,3.0,3.0,4.0,1.0,4.0,3.0,4.0,3.0,3.0,4.0,2.0,2.0,3.0,2.0,3.0,3.0,3.0,4.0,3.0,5.0,1.0,3.0,3.0,3.0,4.0,2.0,2.0,4.0,1.0,3.0,3.0,3
182,2.0,3.0,2.0,2.0,3.0,2.0,3.0,3.0,2.0,3.0,3.0,3.0,3.0,3.0,3.0,3.0,3.0,3.0,3.0,3.0,3.0,3.0,3.0,3.0,2.0,3.0,3.0,3.0,2.0,2.0,2.0,2.0,3.0,2.0,2.0,3.0,3.0,3.0,2.0,2.0,2.0,2.0,3.0,1
183,3.0,2.0,2.0,2.0,2.0,2.0,2.0,2.0,2.0,3.0,3.0,2.0,2.0,2.0,3.0,3.0,2.0,2.0,2.0,2.0,2.0,2.0,2.0,2.0,2.0,2.0,3.0,4.0,3.0,2.0,2.0,1.0,4.0,2.0,2.0,2.0,2.0,2.0,2.0,2.0,4.0,2.0,2.0,1
184,2.0,4.0,3.0,3.0,3.0,3.0,3.0,3.0,3.0,3.0,4.0,3.0,4.0,3.0,3.0,4.0,3.0,3.0,3.0,3.0,4.0,4.0,3.0,2.0,3.0,2.0,3.0,3.0,3.0,2.0,3.0,2.0,3.0,3.0,4.0,4.0,4.0,3.0,3.0,4.0,4.0,3.0,3.0,3
185,4.0,3.0,2.0,3.0,3.0,4.0,4.0,3.0,3.0,4.0,3.0,3.0,3.0,3.0,4.0,4.0,4.0,4.0,3.0,3.0,4.0,4.0,5.0,5.0,4.0,4.0,2.0,4.0,4.0,4.0,3.0,2.0,3.0,3.0,3.0,3.0,4.0,3.0,4.0,5.0,3.0,3.0,3.0,3
186,4.0,3.0,3.0,4.0,2.0,3.0,3.0,3.0,2.0,1.0,3.0,4.0,3.0,2.0,4.0,2.0,4.0,4.0,3.0,3.0,3.0,4.0,3.0,3.0,4.0,5.0,2.0,3.0,4.0,2.0,4.0,3.0,3.0,3.0,4.0,4.0,3.0,4.0,1.0,4.0,1.0,3.0,3.0,3
187,4.0,3.0,3.0,4.0,4.0,3.0,4.0,2.0,2.0,3.0,3.0,2.0,3.0,5.0,4.0,4.0,2.0,4.0,3.0,2.0,3.0,3.0,4.0,1.0,4.0,2.0,5.0,5.0,4.0,4.0,3.0,2.0,3.0,3.0,4.0,4.0,4.0,5.0,4.0,4.0,2.0,3.0,3.0,3
188,5.0,5.0,5.0,5.0,5.0,4.0,4.0,4.0,4.0,5.0,5.0,4.0,5.0,5.0,5.0,5.0,4.0,4.0,4.0,4.0,4.0,4.0,5.0,4.0,4.0,4.0,4.0,5.0,5.0,5.0,4.0,4.0,4.0,5.0,4.0,5.0,5.0,5.0,5.0,5.0,5.0,4.0,5.0,4
189,3.0,4.0,3.0,4.0,3.0,4.0,4.0,3.0,4.0,5.0,5.0,5.0,5.0,5.0,4.0,5.0,5.0,5.0,4.0,4.0,4.0,3.0,3.0,1.0,4.0,3.0,5.0,2.0,3.0,3.0,2.0,3.0,3.0,3.0,3.0,3.0,3.0,3.0,3.0,3.0,3.0,4.0,5.0,3
190,3.0,2.0,2.0,2.0,2.0,2.0,2.0,2.0,2.0,3.0,3.0,3.0,3.0,3.0,3.0,3.0,3.0,3.0,3.0,3.0,3.0,3.0,3.0,3.0,4.0,4.0,4.0,4.0,4.0,4.0,4.0,4.0,3.0,3.0,4.0,4.0,4.0,4.0,4.0,4.0,2.0,4.0,3.0,3
191,3.0,2.0,2.0,2.0,2.0,2.0,1.0,2.0,2.0,2.0,3.0,2.0,2.0,2.0,3.0,3.0,2.0,2.0,2.0,2.0,2.0,2.0,2.0,2.0,2.0,2.0,3.0,3.0,3.0,2.0,2.0,1.0,3.0,3.0,2.0,2.0,2.0,2.0,2.0,2.0,3.0,2.0,2.0,1
192,3.0,2.0,2.0,2.0,2.0,2.0,2.0,2.0,2.0,3.0,3.0,2.0,2.0,2.0,3.0,3.0,2.0,2.0,2.0,2.0,2.0,2.0,2.0,3.0,2.0,3.0,4.0,3.0,3.0,2.0,2.0,1.0,2.0,2.0,2.0,2.0,2.0,2.0,2.0,2.0,2.0,2.0,2.0,1
193,3.0,2.0,2.0,2.0,2.0,2.0,2.0,2.0,2.0,3.0,3.0,2.0,2.0,2.0,3.0,3.0,2.0,2.0,2.0,2.0,2.0,2.0,2.0,4.0,2.0,3.0,4.0,3.0,3.0,2.0,2.0,1.0,2.0,2.0,2.0,2.0,2.0,2.0,2.0,2.0,2.0,2.0,2.0,1
194,3.0,3.0,3.0,3.0,3.0,3.0,3.0,3.0,3.0,3.0,4.0,3.0,3.0,3.0,3.0,3.0,3.0,3.0,3.0,3.0,3.0,3.0,3.0,3.0,2.0,2.0,3.0,2.0,2.0,2.0,2.0,2.0,3.0,3.0,3.0,3.0,3.0,3.0,3.0,3.0,4.0,2.0,3.0,2
195,2.0,2.0,2.0,2.0,2.0,2.0,2.0,2.0,2.0,3.0,3.0,3.0,3.0,3.0,2.0,4.0,2.0,2.0,2.0,2.0,2.0,2.0,1.0,2.0,3.0,3.0,3.0,3.0,3.0,3.0,3.0,2.0,2.0,2.0,2.0,2.0,2.0,2.0,2.0,2.0,3.0,2.0,3.0,1
196,3.0,2.0,2.0,2.0,2.0,2.0,2.0,2.0,2.0,4.0,5.0,1.0,1.0,3.0,4.0,4.0,4.0,4.0,5.0,5.0,4.0,3.0,4.0,4.0,3.0,3.0,3.0,3.0,3.0,3.0,3.0,3.0,2.0,2.0,1.0,1.0,1.0,1.0,1.0,1.0,3.0,3.0,4.0,2
197,2.0,2.0,2.0,2.0,3.0,1.0,1.0,2.0,2.0,3.0,3.0,2.0,2.0,2.0,3.0,5.0,3.0,4.0,3.0,2.0,2.0,2.0,2.0,2.0,2.0,2.0,4.0,3.0,3.0,2.0,2.0,1.0,2.0,2.0,2.0,2.0,2.0,2.0,2.0,2.0,1.0,2.0,2.0,1
198,3.0,2.0,2.0,5.0,2.0,4.0,2.0,2.0,2.0,4.0,5.0,2.0,2.0,2.0,3.0,3.0,2.0,2.0,2.0,2.0,2.0,2.0,2.0,2.0,2.0,2.0,3.0,4.0,3.0,2.0,2.0,1.0,3.0,4.0,3.0,3.0,3.0,2.0,2.0,2.0,3.0,1.0,4.0,1
199,3.0,2.0,2.0,2.0,2.0,2.0,2.0,2.0,2.0,3.0,3.0,2.0,2.0,2.0,3.0,3.0,2.0,2.0,2.0,2.0,2.0,2.0,2.0,2.0,2.0,2.0,3.0,3.0,3.0,2.0,2.0,1.0,2.0,2.0,2.0,2.0,2.0,2.0,2.0,2.0,2.0,2.0,2.0,1
200,3.0,3.0,3.0,3.0,1.0,1.0,1.0,1.0,1.0,3.0,3.0,3.0,3.0,3.0,3.0,5.0,3.0,3.0,3.0,3.0,3.0,3.0,3.0,3.0,1.0,2.0,4.0,1.0,1.0,1.0,1.0,1.0,3.0,3.0,3.0,3.0,4.0,4.0,3.0,3.0,4.0,1.0,3.0,1
201,4.0,3.0,3.0,4.0,4.0,3.0,3.0,5.0,4.0,2.0,4.0,3.0,3.0,4.0,5.0,4.0,3.0,2.0,3.0,2.0,2.0,3.0,3.0,1.0,4.0,3.0,1.0,4.0,4.0,3.0,4.0,3.0,4.0,4.0,4.0,4.0,3.0,3.0,4.0,3.0,4.0,4.0,4.0,3
202,3.0,3.0,3.0,3.0,3.0,3.0,3.0,3.0,3.0,3.0,3.0,2.0,2.0,2.0,3.0,3.0,2.0,2.0,2.0,2.0,2.0,2.0,2.0,2.0,3.0,3.0,3.0,3.0,3.0,2.0,2.0,1.0,3.0,2.0,3.0,2.0,2.0,2.0,2.0,2.0,2.0,3.0,2.0,1
203,4.0,4.0,4.0,4.0,3.0,2.0,4.0,3.0,3.0,5.0,4.0,2.0,4.0,3.0,3.0,5.0,5.0,4.0,4.0,2.0,3.0,3.0,4.0,5.0,3.0,1.0,5.0,3.0,5.0,5.0,4.0,4.0,3.0,4.0,2.0,3.0,3.0,3.0,3.0,3.0,3.0,3.0,3.0,3
204,4.0,2.0,2.0,2.0,4.0,2.0,2.0,2.0,2.0,3.0,4.0,2.0,2.0,2.0,3.0,4.0,4.0,3.0,5.0,3.0,3.0,3.0,3.0,4.0,4.0,4.0,4.0,4.0,3.0,3.0,4.0,1.0,3.0,2.0,3.0,3.0,3.0,1.0,3.0,1.0,4.0,3.0,3.0,2
205,3.0,2.0,2.0,2.0,2.0,2.0,2.0,2.0,2.0,3.0,3.0,2.0,2.0,2.0,3.0,3.0,2.0,2.0,2.0,2.0,2.0,2.0,2.0,2.0,3.0,4.0,3.0,5.0,5.0,4.0,3.0,3.0,5.0,3.0,3.0,3.0,3.0,3.0,4.0,4.0,4.0,3.0,2.0,2
206,4.0,3.0,2.0,3.0,2.0,2.0,3.0,4.0,4.0,4.0,4.0,3.0,4.0,3.0,3.0,4.0,2.0,3.0,5.0,3.0,4.0,3.0,3.0,4.0,3.0,4.0,4.0,4.0,4.0,2.0,3.0,2.0,4.0,2.0,2.0,2.0,3.0,2.0,2.0,2.0,3.0,3.0,3.0,2
207,1.0,1.0,1.0,1.0,1.0,1.0,1.0,1.0,1.0,1.0,1.0,1.0,1.0,1.0,1.0,1.0,1.0,1.0,1.0,1.0,1.0,1.0,1.0,1.0,1.0,1.0,1.0,1.0,1.0,1.0,1.0,1.0,1.0,1.0,1.0,1.0,1.0,1.0,1.0,1.0,1.0,1.0,1.0,0
208,4.0,5.0,3.0,5.0,5.0,5.0,5.0,5.0,3.0,5.0,5.0,5.0,5.0,5.0,3.0,5.0,2.0,2.0,4.0,3.0,2.0,2.0,2.0,5.0,5.0,5.0,5.0,5.0,5.0,2.0,2.0,2.0,4.0,1.0,3.0,3.0,2.0,2.0,4.0,3.0,3.0,5.0,5.0,3
209,3.0,2.0,2.0,2.0,2.0,2.0,2.0,2.0,2.0,3.0,3.0,2.0,2.0,2.0,3.0,3.0,2.0,2.0,2.0,2.0,2.0,2.0,2.0,2.0,2.0,2.0,4.0,3.0,3.0,2.0,2.0,1.0,2.0,2.0,2.0,2.0,2.0,2.0,2.0,2.0,4.0,2.0,2.0,1
210,4.0,4.0,4.0,3.0,3.0,3.0,4.0,3.0,3.0,3.0,3.0,3.0,3.0,3.0,4.0,4.0,3.0,3.0,4.0,3.0,4.0,4.0,4.0,3.0,4.0,3.0,3.0,4.0,4.0,4.0,4.0,4.0,4.0,3.0,3.0,3.0,3.0,3.0,3.0,4.0,3.0,4.0,3.0,3
211,3.0,2.0,2.0,2.0,2.0,2.0,2.0,2.0,2.0,3.0,4.0,2.0,3.0,3.0,3.0,4.0,2.0,2.0,3.0,2.0,3.0,2.0,2.0,2.0,2.0,2.0,4.0,3.0,3.0,2.0,2.0,1.0,2.0,2.0,2.0,2.0,2.0,2.0,2.0,2.0,2.0,2.0,3.0,1
212,3.0,2.0,2.0,2.0,2.0,2.0,1.0,2.0,2.0,1.0,3.0,2.0,2.0,2.0,3.0,3.0,2.0,2.0,2.0,2.0,2.0,2.0,2.0,2.0,2.0,2.0,2.0,2.0,3.0,2.0,2.0,1.0,2.0,2.0,2.0,2.0,2.0,2.0,2.0,2.0,2.0,2.0,2.0,1
213,3.0,4.0,4.0,3.0,4.0,4.0,2.0,2.0,3.0,3.0,4.0,3.0,3.0,2.0,5.0,4.0,4.0,3.0,3.0,3.0,3.0,2.0,2.0,2.0,3.0,3.0,4.0,4.0,3.0,3.0,3.0,1.0,1.0,1.0,1.0,1.0,2.0,2.0,1.0,2.0,4.0,2.0,3.0,2
214,3.0,2.0,2.0,2.0,3.0,4.0,4.0,2.0,2.0,3.0,4.0,2.0,2.0,2.0,3.0,3.0,2.0,4.0,3.0,4.0,4.0,2.0,2.0,3.0,3.0,2.0,3.0,3.0,3.0,4.0,4.0,2.0,2.0,2.0,2.0,2.0,2.0,2.0,2.0,3.0,4.0,2.0,2.0,2
215,4.0,2.0,2.0,2.0,2.0,2.0,2.0,2.0,2.0,3.0,3.0,2.0,2.0,2.0,3.0,3.0,2.0,2.0,2.0,2.0,2.0,2.0,2.0,2.0,3.0,3.0,4.0,3.0,3.0,3.0,3.0,3.0,4.0,3.0,4.0,4.0,4.0,3.0,3.0,3.0,4.0,4.0,2.0,2
216,4.0,4.0,2.0,2.0,2.0,2.0,4.0,2.0,2.0,4.0,5.0,4.0,2.0,2.0,3.0,5.0,2.0,4.0,2.0,2.0,3.0,2.0,2.0,4.0,2.0,2.0,5.0,3.0,3.0,2.0,2.0,1.0,3.0,3.0,2.0,2.0,2.0,2.0,2.0,2.0,4.0,2.0,3.0,2
217,3.0,2.0,2.0,2.0,2.0,1.0,3.0,2.0,1.0,4.0,2.0,2.0,3.0,3.0,3.0,5.0,4.0,3.0,3.0,3.0,3.0,3.0,3.0,3.0,2.0,1.0,2.0,3.0,3.0,1.0,3.0,2.0,3.0,3.0,3.0,3.0,3.0,4.0,1.0,1.0,2.0,2.0,4.0,2
218,3.0,2.0,2.0,2.0,2.0,2.0,2.0,2.0,2.0,3.0,3.0,2.0,4.0,3.0,3.0,3.0,2.0,2.0,4.0,2.0,2.0,2.0,2.0,2.0,3.0,2.0,4.0,3.0,3.0,2.0,2.0,1.0,2.0,2.0,2.0,2.0,2.0,2.0,2.0,2.0,3.0,2.0,2.0,1
219,3.0,5.0,2.0,2.0,2.0,2.0,5.0,2.0,2.0,3.0,3.0,2.0,2.0,3.0,3.0,4.0,2.0,2.0,2.0,2.0,2.0,2.0,2.0,2.0,4.0,2.0,3.0,3.0,3.0,2.0,2.0,1.0,2.0,2.0,2.0,2.0,2.0,2.0,2.0,2.0,3.0,2.0,3.0,1
220,2.0,2.0,3.0,3.0,4.0,4.0,4.0,2.0,3.0,5.0,3.0,2.0,2.0,3.0,4.0,3.0,2.0,2.0,3.0,1.0,1.0,2.0,2.0,4.0,3.0,3.0,5.0,4.0,4.0,3.0,5.0,2.0,4.0,3.0,5.0,5.0,4.0,2.0,3.0,2.0,3.0,3.0,3.0,3
221,3.0,3.0,3.0,3.0,3.0,3.0,3.0,3.0,3.0,4.0,4.0,4.0,3.0,3.0,3.0,3.0,3.0,3.0,1.0,2.0,2.0,2.0,2.0,2.0,3.0,3.0,3.0,3.0,3.0,3.0,3.0,3.0,3.0,3.0,3.0,3.0,3.0,3.0,3.0,3.0,3.0,3.0,4.0,3
222,3.0,2.0,2.0,2.0,2.0,2.0,5.0,2.0,2.0,3.0,4.0,2.0,2.0,2.0,3.0,4.0,4.0,2.0,2.0,2.0,3.0,2.0,2.0,4.0,2.0,2.0,3.0,3.0,3.0,2.0,2.0,1.0,2.0,2.0,2.0,2.0,4.0,2.0,2.0,3.0,3.0,2.0,3.0,1
223,3.0,2.0,2.0,2.0,2.0,2.0,2.0,2.0,2.0,3.0,5.0,2.0,2.0,2.0,3.0,3.0,2.0,2.0,2.0,2.0,2.0,2.0,2.0,2.0,2.0,2.0,3.0,3.0,3.0,2.0,2.0,1.0,2.0,2.0,2.0,2.0,2.0,2.0,2.0,2.0,2.0,2.0,2.0,1
224,3.0,2.0,2.0,2.0,2.0,2.0,4.0,2.0,2.0,3.0,3.0,2.0,2.0,2.0,3.0,3.0,2.0,2.0,2.0,2.0,2.0,2.0,2.0,5.0,2.0,2.0,3.0,3.0,3.0,2.0,2.0,1.0,2.0,2.0,2.0,2.0,2.0,2.0,2.0,2.0,2.0,2.0,4.0,1
225,3.0,3.0,3.0,3.0,3.0,3.0,3.0,3.0,3.0,3.0,4.0,3.0,3.0,3.0,4.0,3.0,3.0,3.0,3.0,3.0,3.0,3.0,3.0,3.0,3.0,2.0,3.0,3.0,3.0,3.0,3.0,3.0,3.0,3.0,3.0,3.0,3.0,3.0,3.0,3.0,3.0,3.0,3.0,3
226,5.0,5.0,4.0,4.0,2.0,4.0,5.0,3.0,3.0,2.0,1.0,3.0,3.0,3.0,3.0,3.0,3.0,3.0,3.0,1.0,1.0,3.0,3.0,3.0,3.0,4.0,2.0,3.0,4.0,3.0,5.0,3.0,2.0,1.0,3.0,3.0,3.0,3.0,1.0,3.0,1.0,3.0,2.0,3
227,3.0,2.0,2.0,2.0,2.0,2.0,5.0,2.0,2.0,3.0,5.0,2.0,2.0,2.0,3.0,3.0,2.0,2.0,2.0,2.0,2.0,2.0,2.0,2.0,2.0,2.0,5.0,3.0,3.0,2.0,2.0,1.0,2.0,2.0,2.0,2.0,2.0,2.0,2.0,2.0,2.0,2.0,5.0,1
228,3.0,2.0,2.0,2.0,2.0,2.0,2.0,2.0,2.0,5.0,5.0,2.0,2.0,2.0,3.0,5.0,2.0,2.0,2.0,5.0,5.0,2.0,2.0,5.0,2.0,2.0,3.0,3.0,3.0,2.0,2.0,1.0,3.0,3.0,3.0,3.0,3.0,3.0,3.0,3.0,3.0,2.0,5.0,2
229,5.0,5.0,5.0,5.0,5.0,5.0,5.0,5.0,5.0,3.0,1.0,3.0,3.0,3.0,3.0,3.0,3.0,3.0,3.0,3.0,3.0,3.0,2.0,3.0,3.0,3.0,3.0,3.0,3.0,3.0,3.0,3.0,5.0,5.0,5.0,5.0,5.0,5.0,5.0,5.0,5.0,3.0,3.0,4
230,3.0,2.0,2.0,2.0,2.0,2.0,3.0,2.0,2.0,3.0,5.0,2.0,2.0,3.0,3.0,3.0,3.0,2.0,4.0,2.0,4.0,2.0,2.0,2.0,2.0,2.0,3.0,3.0,3.0,2.0,2.0,1.0,2.0,2.0,2.0,2.0,2.0,2.0,2.0,2.0,2.0,2.0,3.0,1
231,3.0,2.0,2.0,2.0,2.0,2.0,2.0,2.0,2.0,3.0,5.0,2.0,2.0,2.0,3.0,3.0,2.0,2.0,2.0,2.0,2.0,2.0,5.0,2.0,2.0,2.0,3.0,3.0,3.0,2.0,2.0,1.0,2.0,2.0,2.0,2.0,2.0,2.0,2.0,2.0,2.0,2.0,2.0,1
232,3.0,2.0,2.0,2.0,2.0,2.0,2.0,2.0,4.0,3.0,3.0,2.0,2.0,2.0,3.0,4.0,4.0,2.0,2.0,2.0,2.0,2.0,2.0,2.0,3.0,3.0,2.0,3.0,4.0,3.0,4.0,2.0,4.0,4.0,2.0,2.0,3.0,5.0,1.0,2.0,4.0,2.0,2.0,2
233,3.0,2.0,2.0,2.0,2.0,2.0,2.0,2.0,2.0,3.0,3.0,2.0,2.0,2.0,3.0,3.0,2.0,2.0,2.0,2.0,2.0,2.0,2.0,2.0,1.0,1.0,3.0,3.0,1.0,1.0,1.0,2.0,4.0,3.0,4.0,4.0,4.0,4.0,5.0,5.0,2.0,4.0,2.0,1
234,3.0,2.0,4.0,2.0,2.0,2.0,5.0,2.0,2.0,3.0,5.0,2.0,2.0,2.0,3.0,3.0,2.0,2.0,3.0,2.0,2.0,2.0,2.0,2.0,2.0,2.0,3.0,4.0,3.0,2.0,2.0,1.0,3.0,2.0,2.0,2.0,2.0,2.0,2.0,2.0,2.0,2.0,2.0,1
235,5.0,2.0,2.0,2.0,5.0,2.0,2.0,2.0,2.0,4.0,3.0,2.0,2.0,2.0,3.0,5.0,2.0,2.0,5.0,2.0,2.0,2.0,2.0,5.0,4.0,5.0,5.0,5.0,5.0,3.0,5.0,4.0,5.0,5.0,3.0,4.0,5.0,3.0,3.0,5.0,5.0,3.0,2.0,3
236,5.0,5.0,5.0,4.0,4.0,4.0,4.0,2.0,2.0,3.0,4.0,4.0,5.0,4.0,5.0,5.0,4.0,4.0,4.0,2.0,2.0,2.0,2.0,5.0,4.0,5.0,5.0,4.0,5.0,3.0,4.0,3.0,3.0,3.0,4.0,4.0,4.0,4.0,5.0,5.0,5.0,4.0,2.0,4
237,3.0,2.0,2.0,2.0,2.0,2.0,2.0,2.0,2.0,3.0,3.0,2.0,2.0,2.0,3.0,3.0,2.0,2.0,2.0,2.0,2.0,2.0,2.0,2.0,4.0,2.0,3.0,3.0,3.0,2.0,2.0,1.0,2.0,2.0,2.0,2.0,4.0,2.0,2.0,2.0,2.0,2.0,5.0,1
238,3.0,2.0,2.0,2.0,2.0,2.0,2.0,2.0,2.0,3.0,1.0,2.0,3.0,4.0,4.0,5.0,3.0,2.0,2.0,2.0,2.0,2.0,2.0,2.0,3.0,2.0,3.0,3.0,3.0,2.0,2.0,1.0,3.0,3.0,3.0,3.0,5.0,5.0,3.0,5.0,4.0,2.0,2.0,1
239,5.0,5.0,5.0,5.0,5.0,5.0,5.0,5.0,5.0,3.0,5.0,5.0,5.0,4.0,4.0,5.0,4.0,4.0,5.0,4.0,4.0,4.0,4.0,5.0,5.0,5.0,5.0,5.0,5.0,5.0,5.0,5.0,5.0,5.0,5.0,4.0,5.0,5.0,4.0,3.0,5.0,5.0,4.0,4
240,3.0,2.0,2.0,3.0,3.0,3.0,3.0,4.0,5.0,5.0,3.0,3.0,4.0,4.0,3.0,5.0,2.0,2.0,3.0,2.0,2.0,2.0,2.0,2.0,2.0,2.0,2.0,4.0,4.0,4.0,4.0,1.0,4.0,3.0,1.0,1.0,1.0,1.0,1.0,1.0,4.0,2.0,5.0,2
241,3.0,2.0,2.0,2.0,2.0,2.0,1.0,2.0,2.0,3.0,3.0,2.0,2.0,2.0,3.0,5.0,2.0,2.0,5.0,2.0,2.0,2.0,2.0,3.0,1.0,1.0,3.0,3.0,3.0,2.0,2.0,1.0,1.0,2.0,2.0,2.0,4.0,2.0,2.0,2.0,2.0,2.0,2.0,1
242,3.0,3.0,3.0,3.0,3.0,3.0,3.0,3.0,3.0,4.0,4.0,4.0,4.0,4.0,3.0,3.0,3.0,3.0,3.0,3.0,3.0,3.0,3.0,3.0,3.0,3.0,3.0,3.0,3.0,3.0,3.0,1.0,2.0,2.0,2.0,2.0,2.0,2.0,2.0,3.0,4.0,2.0,4.0,2
243,3.0,3.0,2.0,2.0,2.0,2.0,2.0,2.0,2.0,3.0,5.0,2.0,2.0,2.0,3.0,3.0,2.0,2.0,2.0,2.0,2.0,2.0,2.0,4.0,2.0,2.0,3.0,3.0,3.0,2.0,2.0,1.0,2.0,2.0,2.0,2.0,2.0,2.0,2.0,2.0,2.0,2.0,2.0,1
